张翠花,不要相信网上的测评问卷！不要相信网上的测评问卷！不要相信网上的测评问卷！！！有什么问题请去医院精神科、心理科咨询医生医生会给你开相应的测评量表测出来也不一定准确因为和你当时的心理状态和心情相关最准确的是带家属或者了解你的朋友一起由第三方的角度来阐述你的情况这样对医生的诊断有很大帮助至于挂什么号建议找专家号价格高一些医生专业水平要好点不会像我一样出现误诊我是在上海精神卫生中心做的诊断后来发现吃药没用改善去了长海医院才发现是误诊也怪我当时不能陈述好自己的情况说多了反正就是这种专业的事情就交给专业的人去做就好自己不要瞎操心了祝好～,16,9
文鹿鹿,咦，说出来您可能不信，除了记忆力那条，其余的我和题主一模一样诶(◦˙▽˙◦)我现在一天吃两片盐酸舍曲林（抗抑郁和强迫症）和两片思瑞康（抗精神分裂症和双相情感障碍）用药三个月感觉情绪稳定多了，不会整日整日地感觉很爆炸很崩溃和世界格格不入，可以和朋友自在地交谈了（朋友也变多了嘿嘿嘿）不会觉得恍惚和突然昏倒了，也不会很累很累很累累到坐不住浑身发麻眼睛发黑等等等等，也不会心脏整日整日地疼痛疼到不知所措，虽然还是会疼，不过好多啦！副作用就是情感淡漠、食欲减退、性欲减退，比起寻死觅活的时候舒服多啦！！！我爱医生，快乐* (๑´∀`๑)ง*一定要找好医生。我在武汉市精神卫生中心就诊，先挂的是普诊号，那个医生咄咄逼人不说还刻意乱说您的病情想坑钱...因为我比较了解抑郁症这块儿所以知道她在瞎bb...后来见过的两位医生都是大名鼎鼎的主任医师，其中一位非常好，非常善解人意而且实事求是，对待病人真诚客观，就是总听不懂我的主诉...（可能是我语文太差了）另一位医生，对患者本身毫不关心，就想收您的钱...所以即使是专家，也不能尽信啊（摊手）就是这样，懂我意思了吧，小伙子( ͡° ͜ʖ ͡°)✧早日康复哟(￣▽￣)~*,21,20
夜泮,都说的太复杂了。失去爱事情，人，物的能力。,3,10
匿名用户,我也曾经这样了一段时间。我记得每天晚上哭一个小时，早上起来昏昏沉沉，不想上学，不想动，不想吃饭，不想说话，不想动脑。别人说什么我都无所谓，动不动就突然在课堂上哭的稀里哗啦，忍都忍不住。每天作业拖着写不完，拿着手机特别迷茫，无所事事，一写写一两点，父母也不知道拿我怎么办，整天和父母吵架，老是感觉心悸，或者脸在抽搐（可能因为睡眠不足）头发一直掉，啥都记不住，右脑经常有刺痛感。动不动流口水，手老出汗，觉得每个人都很讨厌，每个人都讨厌我，经常发呆，没有时间概念，吃饭没胃口，一口都吃不下，感觉没有力气，每天闲下来不拿手机只想哭。感觉自己被生活裹挟着往前走。啥都不想干，只想睡一会，可一拿手机又开始玩了。好的时候和别人没什么两样，只是性格阴晴不定，爱发脾气（不过我怂，不敢和别人发，父母我一回家就摊了懒得吵，只会自己心里窝火，但是别人感受的出来，只是我对打好关系还算可以）在以前那个学校，我本来不管在老师眼里还是同学眼里都是天才一样的存在，差点成为班花，什么都懂。然后我除了过去什么都没有了，我还忘了很多以前的事，直到现在都记不起来。我写的可能有些混乱，其实这段日子是几个月前。说实在，我觉得抑郁是最难熬的，你明明有意志，就是动不了（啥都不想干，不想动，不想吃饭，很痛苦，只想哭）有几个描述抑郁的，挺好。抑郁症的症状都有哪些？https://www.zhihu.com/question/267879501/answer/340669205潜在抑郁症在生活中的表现有哪些？在这之前我应该有点人格障碍，但具体是哪个我不知道，因为我感觉我都有。最可怕的不是抑郁症，而是你活该。嗯，我活该。我活该对别人掏心掏肺别人一个眼神我就仿佛堕入谷底，做事畏手畏脚。别人说的每一句我都以为再说我，被说是玻璃心（我们语文老师亲口说的，，因为他说我们班一位同学我呼吸明显不对劲，仿佛要窒息了），在课堂上捂着嘴怕吵到别人哭泣被前面女生嫌弃的瞪了一眼。可我从来对人那么好都是给谁看的，每次吃东西都是我掏的钱，说话小心翼翼就算有情绪也不外露，就算很难过也尽量不哭我觉得能看医生就去看吧，不能也没关系，把时间安排好，每天运动一会，就是最简单的。家庭条件好的话养只小动物。虽然我还是不能很好控制自己，但至少我没有那么颓丧了。。。日子是过出来的。我们年龄还小，日子还长。。。希望你能成为自己的坚强后盾，把每一天过好，变得强大，变得优秀，多与老者对话，不要理会别人的看法。不说了，我心悸,16,7
ZH YAO,"1. 我是否表里不一？做出来和内心想的不一样4. 我是否无条件吸纳一切？为了看起来很真诚？7. 我是否有无明烦恼？逃避痛苦，看起来很快乐？2. 我是否在压抑自身需求？只为了看起来对人有帮助5. 我是否在远离自身情感？看起来很有知识？8. 我是否否认自身软弱？看起来很强大？3. 我是否在追求大众认同？看起来很成功？6. 我是否在不停歇的寻找危险因素？看起来很忠诚？9. 我是否在自我麻痹觉得这也不要紧那也不要紧？看起来和和蔼？——————每个人应该都是符合其中1～3条上次编辑：2019 02 10更新, 请大致上无视之前的答案。看这两篇就够了MBTI背后的东西：金色魔王：2道题确定你的认知模式和认知过程，若要咨询请告诉我TaIb 等级E~A九型人格背后的东西：金色魔王：9个选项快速确定你的目的和整合以后的人生结构 若要咨询请告诉我1~9 ",15,4
匿名用户,关于人为什么活着的问题，说一下我自己的答案:为什么人要活着呢？因为不想活的人很多都死了啊，剩下来的人自然大多数都是不想死的，他们的后代也多数倾向于不想死。就好像长颈鹿的脖子为什么那么长一样——短的死得快，后代更容易获得长脖子基因变成长脖子。就我对意义这个词的理解而言，人活着这件事本身可没什么意义。大多数人活着，完全是靠基因里的本能而已。再加上一些多巴胺啥的时不时作为奖励，人就不想死了。一些人生的意义，人为什么活着的问题下，很多人都会说什么“还有那么多好吃的，爱自己的人，还有那么多没见过的景色，未曾体验过的美好的事物巴拉巴拉”，说到底，也不过是多巴胺之类的罢了，因为有快乐的可能，所以有盼头啊。反之，如果你看到有人说“还有那么多痛苦等着你，还有那么多恨你的人巴拉巴拉”，你怎么想？如果多巴胺啥的跑了，本能又不是强大到逆天，我们就自然而然需要找点别的来支撑自己活下去。（一些特殊情况，比如复仇之类的，这里就不作讨论了）（这个回答我有可能会回来更一下，因为还有没说完的一件重要的事，也可能不会，因为不知从何说起）去看看医生吧，找回你的多巴胺，找回你的快乐。（吃药有时候真的可以很管用）再挂个专栏，我觉得超级棒以至于忍不住分享（我把专栏里的文章几乎全看了一遍我会乱说？），个人建议倒着往前看，或者先看那些赞多的蚌病成珠↑对普通人也可以很有帮助，虽然我知道你们不会主动去看,8,1
匿名用户,我有很多想跟你们分享 可是我累的不想打字 ,8,4
李狗嗨同志,我以前也跟你一样被人活着为啥这个问题困扰。但是我都是自己憋着想，不敢问。后来找到很多相关的书看。什么都看，不挑食。从佛经道德经，看到死海古卷。从中世纪小道传说看到各类志怪故事。从人类起源看到时间简史看到宇宙大爆炸理论。后来么，发现自己装了满脑子稀奇古怪之后，出现一个情况，慢慢意识到，活着不仅仅是活着这么简单，随着这些书籍的阅读，出现了更多的问题需要思考。之后开始看黑格尔，叔本华，笛卡尔，福柯，亚里士多德，尼采，加缪等等等等最后明白了一个事儿人活着并不是为了自己的目的和利益，人是一个大种族，每一个看起来无意义的个体组合起来，就是人类。生而为人，成为地球上最高等的物种之一，几率很小，是莫大的幸运。后遗症就是，普通一般的八卦和快餐讯息，完全提不起兴趣了。就很喜欢钻到先贤和大牛们构筑的精神世界里窝着，不愿意出来。以上，解决了困扰我的关于生死的问题，但是，如果还有其他的精神上感觉不佳的状态，必须去医院看医生确定下原因。,20,4
匿名用户,很简单，因为我清楚地确定我自己有抑郁症。我知道我为什么焦躁我知道我为什么纠结我想改变，却改变不了改变不了，却无法释怀我不知道她是出于什么心里，在开始彼此互不了解的同学关系下能为我做这么多我以为她对我有意思以前也有人这样但这次不一样真的觉得，这是我余生另一半的样子我觉得我抑郁的壁垒要被打开了事与愿违可能是我冷酷的外表激起了她的同情心仅此而已她以为，这样我会好一些是，她在我身边的时候会很开心那她不在的时候呢？她不知道她可能是我一天中唯一的阳光但这终究不会长久我很讨厌自己感情受支配的状态我也害怕自己陷的太深爬不出来所以我提出了保持距离她没有惊讶，只是遗憾可我忘不掉她的好太暖了我不开心的时候就会想到她然后就恨她你为什么对我这么好却不是我的另一半不会的我内心中再也不会觉得比她还适合的人但我清楚的知道我们面前太多阻碍很久了没办法有的时候觉得真的走不动了也许活着真的很美好吧,10,2
冰冰冰冰糖,如何确定是否有抑郁症，只能去正规的精神专科医院或者三甲医院。关于人为什么而活，我可以理解为“人生的意义是什么”，我在小学的时候经常想到这个问题，那时候想着想着，就想通了——人生本来就是没有意义的。所谓意义也是人强行赋予的，比如各种追求功名利禄，追求幸福等等。整个社会世界的运转，商业、文化的存在，都是人们强行给自己生存找的理由或者说是借口，这一切本身是没有意义的。获得成功了能怎样？努力工作创造了价值能怎样？科学上有了新的发明能怎样？社会进步了能怎样？…总之，这一切并不能说明什么，只是它就存在罢了，在不断发生不断变化，是一个永不停止的、没有终点的过程。初中以后直到读研以前，我几乎没有想过人生的意义，大概是没时间吧。偶尔和同学谈到这个话题，我清晰的记得小学得到的结论，却有点不能理解了。这个想法很奇怪，人生怎么会没有意义？有那么多事情可以做可以尝试啊。我想成为xxxx，我想过一种平淡/刺激/充满挑战/的生活，诸如此类都是意义啊。。读研以后情绪跌落到谷底好久，又慢慢好转。这期间再次思考人生的意义。不断问自己，我为什么会来到这世界上走这一遭？我为什么要来经历这些…？（这些问题里包含了很多的后悔和无奈）可是，我已经来了。我就是要来这个世界上体验这一生。每个人体验到的生活都不一样。有的人悲苦一生，有的人光鲜靓丽一生，每个生命都不一样，但他所经历的独特一切，包括体会到的痛苦、快乐等等一切心路历程，无论是什么样子的，这就是他人生的意义，他就是要来体验一下，来这世界上走这一遭，而已。。,4,0
崔小飞,你好尽快去三甲医院，精神内科，挂专家号遵医嘱，按时吃药，会好的，恍惚的状态我也有过，，，乖，听话，去医院看看医生，会好的。和父母沟通一下，他们很爱你，祝好，随时欢迎私聊我。一定要听话，去看医生哦,6,1
榷奕,对于这个回答，我只希望不要有什么教派人士来告诉你，“人这一生为了什么而活。”好孩子，大家都在告诉你要去治疗，但我担心的是你的病状已经让你麻木的不想去医院了。你以这种方式来提问，希望得到答案，也许，是因为你害怕你的父母 老师 同学，认为他们不会理解你甚至会嘲笑你，所以你也没在文中说，你曾求助过身边的人。可能真的是因为那两次孤立对你的打击太大了吧。好孩子，我不要求你去原谅那些人，但是你要原谅你自己啊，要救赎自己啊，一定要去医院进行治疗，知道么？不要害怕他人的眼光，或好奇的或轻视的或嘲笑的。都没关系的。因为人的一生不是为了这些而活的。好孩子，一定要去治疗啊。,11,2
匿名用户,直到现在，我仍记得小学三年级放学后必经的下坡路。我挂在母亲单车后座，温柔的风代替她从腰侧抚摸我的脸。晕红的太阳沉浸在稻黄色的晚霞里，有让人直视的喜爱，像甜莲蓉里的咸蛋黄。我坐在后座，看不到她的脸，但我喜欢幻想她脸上一定浮现着比晚霞更美的母爱。在这个时候，一些莫名的想法在我脑子里窜，仿佛大自然用肉眼看不到力量，将那些东西硬塞进来了。于是我自然而然地问出来：为什么宇宙叫做宇宙？为什么我们叫人类？谁定义的我们？定义我们的那个“人”，谁又来定义他？如果宇宙不存在地球文明，那这偌大的空间，谁来定义宇宙是什么？我们视作生命的时间，对这个仿佛静止的宇宙而言有意义吗？单车顺街道滑下，快滑过这条下坡路时，母亲一只手向后摸索。她在飘忽不定中摸到了我的脸，轻轻捏了捏。“我不知道”，她说。加速度消失，她很快开始手脚并用。一只手掌着车头，双脚交替蹬着车，一只手平稳地摩挲着我的脸。“怎么了，今天不开心吗？”“没有。”“那你怎么想到问这些问题呢？”“就是突然想到的。”“妈妈不知道。”她的手背冰凉，手掌却比三月的风还温暖。她大拇指增着我的眼角，我能感觉到她在微笑。“妈妈不知道，妈妈也有很多不懂不明白的事情。等你慢慢长大，也会有很多不懂不明白的事情。有的事情会有答案，有的事情没有答案。妈妈再问你，你今天开心吗？”“开心！”我紧接着把小学三年级所能体会到的愉快与新奇的体验，都如实复述给她。“那就好。”她发出比车铃更可爱的叮叮当当的笑声，仿佛冬雪融化的小溪咚咚流淌。“你记得，如果有些事情困扰着你，而你怎样都得不到答案。你就要去做另外一件事情：让自己开心。”“让自己开心？”“对。就像现在，回家吃饭咯！”她加大脚力，划破了夕阳。后来长大了，偶尔翻阅书籍才发现当初的问题对于小学生来讲未免过于“哲学”，对于家庭妇女的母亲未免过于“不知何物”。然而到现在，有些问题书本给了我答案，有些问题书本没给我答案，有些问题书本给了我答案却不是让我满意的答案。还有些答案不在书本里，而在人世间。但，这些解决或尚未解决的问题却并未妨碍我去获得快乐。我来到世间，本没报着何种“疑惑”；不求甚解是本能，却不是我活着的目的；比起不求甚解，我更喜欢放学后母亲那顿温热的饭菜。我不敢站在认知和道德高地强行“赋予”你什么。我只敢粗略的谈下生而为人的一些琐碎经验，能帮助你最好，若不能，感谢这几分钟你的阅读。你的观看，对我很重要；你的存在，对我也很重要。（鞠躬）,12,3
郭三岁,我也不确定我是否抑郁  我总是想自杀  自残过  我怕疼  所以伤口没有很深但还是留下了疤  我也知道我现在不能死  我就想等我30岁之后再死  一直在想一个可以不影响到别人的死法  可是一直没想到  我没有那些得抑郁症的人描述的那些严重的躯体反应  我只是会忽然间心情不好  但是一般还都能控制住自己的情绪  只有自己一个人的时候容易崩溃  还有时候会因为别人的一句话就爆发  有时候心情不好会不想吃东西  只想躺床上睡觉  什么都不想做  还会忽然间有一段时间特别颓特别丧  失眠好像也没有  只是睡眠状态不好  会做噩梦  会忽然间惊醒  而且我觉得我似乎嗜睡  永远睡不醒的样子  还有起床气  还有就是会忽然间想哭  没有什么原因  就是觉得心情不好  就是想哭,6,1
xxsunnycheungxx,   其实每一个人有着不同的症状但是有一点很相同。无论他们外在表现如何其实内心都是很厌世的。不同点:有些人嗜睡 有些人可以一天都不睡有些人目光呆滞  一些人看起来很high 很High但是是微笑抑郁症有些人还是生活工作学习不耽误  有些人是功能退化很严重。最重要的不是你怎么观察而是你去问这个人:&#34;你最近过得真的好吗&#34;如果这个人觉得生活没意思而且感觉持续很长一段时间了没跑了一定是抑郁症了,5,0
为你喝彩,要问你自己，为什么还活着，怕死或者是不想死。你的状况可能没有你想的那么糟糕，很多时候是自己觉得自己已经病的很严重了，是因为你迷失了自我。你不知道接下来该怎么走，也不知道未来会怎么样，想想现在的自己没能力没才华，好像什么都没有，于是陷入了一个死循环，越觉得自己差，越是陷的越深。我告诉你，既然不敢死，那就好好活着。如果你不怕死，你特么死不怕了，你怕个屁，想做什么就去做了，人生有几十年？我浑浑噩噩是一辈子，努力奋斗也是一辈子。为什么要去为难自己。很多时候自己就是怂了，就是个孙子，什么都怕怕怕，怕死怕失败怕以后过不好，什么都怕。按你这个情况，给你喝再多鸡汤也没用，估计来个人骂你一顿打你一顿，你还会觉得有人在乎你。反正我自己也是个快废了的人了，劝不了你什么，不敢死就给丫好好活着。另外，还有一句话，既然你已经体会到了这样的痛苦的感受，那么如果还有另一个人和你一样，他即将遭受这样的痛苦，你会不会尝试去帮助他？感同身受，好好琢磨一下这句话——————————————世界上还有这么多人得了抑郁症，你并不是唯一的一个，能撑就撑，撑不住了就去看医生。不要去想着别人能来帮你，不可能的，他们没有经历过，不明白这之中的感受，也不明白你的痛苦。没什么好想的，该吃药吃药，该睡觉睡觉，生病了就得好好休息。另外，做人得自私点，自己想要的想做的事情，就去做了，不要管这么多。,4,1
张骞,你能条理尚且清晰的描述你目前的状况，表示你有很强的求生欲望，那么接下来就是打开一扇接一扇的门，你有能力找到出去、离开漩涡的门。第一件要做的，去专科医院就诊，父母理解的话多几个人帮忙去找出口，不被理解的话也不怕，你首先是一个独立的个体，现在是你自我维修的时候了。需要的话我可以推荐你精神科医生以及心理医生，坐标北京。,4,4
「已注销」,高中快高考时候，跟同学闹了别扭，然后很不开心，就是因为同学关系之类的，虽然现在想想不是什么大事，但是当时的我简直受不了，然后我跟我妈说窝抑郁了，要去看心理医生，当时我就是想起和同学闹别扭会哭，注意力不集中而已。当时我还不知道抑郁症有多严重，但是知道心理医生这个职业。然后我妈和我爸就开车带我去省会的三甲医院挂了精神科。。。做了很多测试，医生谈了话，后来医生说我没什么大事，我当时心里还想我又不是精神有问题。。至于吗。。。现在想想，我妈也是很明智，有不对劲就要尽早去医院，电话回学校，班主任给我换了座位p事儿没有了hhhh,3,10
没有名字,看到很多人说“千万不要信网上的测评！！！”“一定要去医院！！！！！”我想反对一下这些人的说法。我自我感觉抑郁已经有差不多2年了。前阵子受不了了，想活下去，决定去医院。去医院之前在网上做了一些“汉密尔顿抑郁量表”、“贝克抑郁量表”之类的问卷、测评表。结果是重度抑郁。去的是南京脑科医院。是在网上搜索“南京 抑郁症”，最多人推荐的医院。但是看病过程加重了我的抑郁。由于是第一次去，想要确诊抑郁症，根据推荐我挂了精神科。提前预约，现场挂号，门诊就诊。整个过程倒都是很快速方便的。也让我觉得绝望。我挂的是一位女医生的号，我大概说了一些我两年来的症状，以及可能导致抑郁的原因。说着说着我哭了。她说她有一个女儿和我一样大。宽慰了我两句，说后面还有病人，先去做个量表吧。我就夹住眼泪去做量表了。做量表在一个房间里。里面有很多台电脑和很多的人。我把单子递给一个医生，她说哦，你先自己做吧，然后给我开了台电脑。我做完了两张自评量表。她说还有两张是医生填的，让我等一等。所谓医生填的，就是一个医生和你坐在一起，帮你把表上的题念出来，你回答，然后她帮你选答案。过了一会儿，我边上正在替别人做量表的医生过来说，你自己先做吧。我就开始自己做，应该由医生念给我听的量表。做了五题，一开始那位医生得空来了，把我刚做的五题删了，给我念我刚做过的题，她帮我选答案。她语速真的好快啊，选得也快。几乎是我吞吞吐吐答完或者还没答完的瞬间她就选完了。有一张量表只花了50多秒就做完了。做完之后打印出来，我拿去给门诊的医生看。她说，嗯，这个就是给你看看一个严重程度。她问我要不要吃药，我说不用。我就走了。病历都没有。只有两张四份价值190块的量表。这个看病过程，真的让我觉得去医院是没有必要的。没人关心你死不死的。没人有错，医院的人也不是不负责，毕竟量表都到位了。错的反正是我。综上，不用去医院吧。自己做做网上的测评表，内容和医院我做的那几个测评差不多，甚至更专业呢。,9,21
洪权,三个方面：1.是不是经常走神。2.是不是感觉不到自己的存在感。3.身体是不是生锈。,41,19
游云之语,1 建议朋友就医，真的，咱也是有证的咨询师。你的现象和抑郁症很像，但就像其他朋友说的一样，不典型。你的程度适合就医。不要去私人机构，去正经医院，很便宜。2 我看到的最特殊的一点，被全班同学孤立。这是你迈向成熟，走出阴霾的一个点。也是你学会成熟的一个契机。反倒希望你可以抓住机会。很多了不起的伟人也都被孤立过。如果你足够强大，这并不重要。3 ，针对你最后一个问号，我觉得这是解开心结的第二个契机。不要试着问别人为什么而活。因为人类自己都未必知道这个种族存在的意义。而得到答案的那些人，无论答案是否有正确，事实上也基本没有办法来定义这种问题的对错。得到答案的人要么是哲学家，要么是政治家，要么是宗教领袖。于我个人而言，我也有和朋友一样的疑惑。但我觉得寻找生命意义本身就是生命的意义。我认可自己对自己的这个定义。最后建议读几本书，这是我能想得到的对朋友也许有帮助的书。加缪的 局外人勒庞的 乌合之众佛学的 西藏生死之书另外建议百度一下  存在主义哲学，看看那句经典的  存在先于本质  是否对你有什么启发。最后，作为一个体验过抑郁感受，也从中走出来的人。衷心祝好！补充一个，也许你可以试着养条狗。教育好它，同时得到它的陪伴。这对很多心理疾病患者有效。,3,2
Lky824,完全理解。建议正规医院挂号抽血测试 然后开药 最好是有这方面专家坐诊的 或者是专门以治疗精神类疾病闻名的医院我就是这两年非常严重 自杀未遂 莫名幻听 落泪 记忆力减退 情绪波动很大  嗜睡乏力 无任何生存意志 但是吃了药物以后低落的情绪变少了 会更嗜睡 食欲减退 但是求死的意愿没那么强烈了 也不爱哭了其实很多事 要说出来 哪怕没人听 说给自己 说给月亮 不能任由自己被别人的情绪支配 你要要创作一些属于我们这种自由的灵魂 所特有的东西来 生命的意义一定是寻找自我 而这个过程痛苦且深刻 别放弃 小朋友 未来很刺激,4,4
泡泡製造機,根源是無明 關鍵是對人事物的正知正見 可參考個人文章,0,0
千张,就诊,3,0
啊咯技术,  到精神医院挂个身心健康科，最好是主任医师，就是专家号，会让你做类似选择题的表格，照着实际情况填。轻微的会开草酸普兰片米安平等，重的就住院。  本人就是抑郁症，十几年了吧，去年确诊，吃药，因为断断续续所以效果不明显，最近严重到情绪失控，不得已住了院，现在治疗中。  你的情况很像我的病情，建议马上就医，早治早好。,2,2
徐子建说心理,作为心理咨询师来说，我想抑郁症有“三低”情绪低落、思维迟钝、动作减少。抑郁症患者会觉得无助，生活没有希望，失去自我价值，觉得他们的生活哪里都不对劲。在所有心理问题中，抑郁是最常见的问题之一。而往往，它也是最容易被忽略、误解、低估的心理问题。焦虑症，又称为焦虑性神经症，是神经症这一大类疾病中最常见的一种，以焦虑情绪体验为主要特征。可分为慢性焦虑（广泛性焦虑）和急性焦虑发作（惊恐障碍）两种形式。焦虑症其实是一种复杂的疾病，让我们常人思考感觉就是一种心理问题，紧张、出汗、心慌等等，其实不然很多的病人发病不是从情绪上表现出来的，主要是从身体上某个部位，例如感觉呼吸不畅、肢体的疼痛感、心悸、腹泻等。九项症状标准是：1·兴趣丧失，无愉快感。2·精力减退或疲乏感。3·精神运动性迟滞或激越。4·自我评价过低，自责或者内疚感。5·联想困难或自觉思考能力下降。6·反复出现想死的念头或有自杀、自伤行为。7·睡眠障碍，如失眠、早醒或嗜睡。8·食欲降低或体重明显减轻。9·性欲减退。严重标准：社会功能受损，给本人造成痛苦或不良后果。祝好，欢迎关注我，并随时向我提问。,2,0
无为,我想问你几个问题，这也是我去医院诊断的时候医生问我的问题。1.是否有时会感到失落？感觉一切都没意义？2.是否有熬夜、晚睡的情况？睡不着还是？3.是否有时会有轻生的念头？4.是否感觉精力不集中，少干劲？5.是否感觉自己什么都不如别人？感觉自己这辈子就这样了？6.是否感觉世界对你不公平？是否感觉自己是全天下最倒霉或者最不应该存在的人？7.有没有想过自己死后的世界该是怎样？希望让题主看见。,2,1
一束花儿,我一直以为自己有抑郁症想死但是今天我发现了我没有因为今天修眉化妆的时候手指被割个大口子妈耶好痛，我就明白了我没有想死这个小伤口虽然流了很多血但是我怕了所以我知道我没有抑郁症可能只是孤独吧,2,4
老坛酸菜都可以,不是专业化的建议，只是单纯的回答问题。人生本身没有任何意义。有意义的意思是对于达成你的目标有帮助人生有终极目标吗人生并没有终极目标，很多人幼年时期目标是好好学习，青年时期希望好好工作，中年时期希望家庭和睦，老年时期希望友人陪伴。每个时间段的目标都不一样，甚至细分下来，每个瞬间的目标可能都不一样。这么看，可能人生这个东西本身就是我们回忆过去的时候心中泛起的情感再加上一些幻想糅合成的梦境。只有这个瞬间的你，是有意义的，是有价值的。这个发呆的你，喝水的你，背书的你，这些有着明确目的的你。是有价值的，仅此而已。,2,0
Jade,根据你的提问，我可以看到一些明显的创伤性事件，比如被孤立，这可能是诱发你出现一系列类抑郁症状的根源。在不被包容与孤立的时候，你感觉到自己是被嫌弃的，也许你不明白一些恶意从何而来，但却需要承受这些无望的指责。你也许会因此厌恶自己，觉得自己一无是处，根本没有存在的价值。但是希望你明白，你正在经历的是一种校园霸凌，只不过它是“隐性”的，没有显性暴力存在。这种霸凌会带给你割裂感，不被接纳的感觉造成了虚无感和孤独，也就是你所体验到的人生“无意义”，你不知道为何而活。也希望你明白，在这些事件里，你并没有做错什么。在一个团体里，任何一个人可能以任何原因和借口为由被孤立、施加暴力。有问题的是最初带头的人，他们借由孤立别人来确定自身存在感，剩下冷眼相对的看客无非也是想归属群体不被割裂出去罢了。事实上，他们才是真正的弱者，因为他们无法面对自己内心的冲突与自卑。而你很勇敢，通过这些经历你思考到了人生的意义，这是直面痛苦后才能经历的心理过程。但是人为什么活着，这个问题我并不能解答你，它需要你去探索和发现，用一生去寻找答案。古罗马诗人贺拉斯有句名言：好运隐天资，苦难显才华。只有经历过痛苦和苦难，我们才会去思考自己与身边人的关系，去审视自己，思考生命的价值和自己存在的意义。这是苦难的价值所在。我相信，苦难并不会打倒你，生命是坚韧的，一时的困境无法阻挡它继续生长。愿你振作起来，通过努力用强大的实力在未来告诉别人，我并不屑与你们为伍，所谓的孤立，也并没有影响到我，让我放弃成功的机会。相信在成长的旅途中，你终会将所经历的一切痛苦升华，变为有价值的心灵原料为你所用。希望无论何时，你都不要放弃自己，尤其是因为别人的错误而放弃自己，祝越来越好。以下回答，希望能帮到你抑郁对抗指南,10,3
ppppp,我不是医生，不清楚你究竟是不是抑郁症，但是我太清楚，在上学时，经历的校园暴力有多可怕。同学的排挤，家长的不理解，对一个心理还没成熟的孩子有多大影响。那个时候的你，生活里只有这些，你还没有足够的能力跳出这个圈子，或者用一颗成熟坚强的内心让你直面痛苦，你只能用一片赤裸承受万箭穿心。但是没有关系，这并不糟糕。天将降大任于斯人也，必先苦其心智。痛苦是一种催化剂，能够让你更快的成长，进入一个新的人生阶段。比如，你会先人一步去思考人生。人这一生为了什么而活？说一下个人目前的想法：这个问题，在我不同的时期，有不同的答案。为了梦想为了实现自我价值为了经历未知的明天和看不清的以后为了爱我的和我爱的人为了看见这个世界更多的美好和黑暗为了历经苦难人，生来就是为了历经苦难的，活着就是痛苦本身。这是我现在的回答。这并不是什么悲观主义，而是当你认清这件事情之后，无论遇上什么事情，都能够坚强的面对，也更容易发现生活中的美好和快乐，更懂得珍惜和感恩。人生下来第一声，是哭。心想：哦人间你好，老子又来历劫了。你这一生或许会经历嘲笑、孤立、背叛、欺骗、家暴、重病、车祸、虐待、歧视等等等等，或大或小的、你想的到或是想不到的苦难。每个人经历的苦难也是不一样的，就像有的人名垂青史，而有的人遗臭万年。人，生而就不平等，但我更愿意理解为，我们生来就承载着不同的使命。所以有时间去哀怨为什么我要经历这些，不如用来思考，经历这些是为了获得什么，能帮助我如何成长。因为前者的问题是无解，只会让你被苦难拖进泥潭深处；而后者的问题，是帮你站在长远和宏观的角度看待当下。你要知道，无论经历什么，好的或是不好的，都是在帮助你成长。就像美好和幸福总是短暂的，痛苦和不幸也绝对不会是永恒！在痛苦之中发现快乐，不幸之中珍惜美好是我们能够做的事情。希望你可以好好的，希望你可以每天比前一天更快乐，希望你千万不要放弃自己。活着就是人生的意义，能让你看见更多美好。还有，你说不知道学知识有什么用。如果狭隘的应试知识，用处不大，但是却能够锻炼你的学习能力和培养你的学习习惯，这个是对今后的学习生活都很重要的。而如果是宽泛的知识，那用处太多了，充实你的大脑，满足你的好奇心，拓宽你的视野，至少不会让你总是空虚和迷茫。以上我不知道我的回答能不能对你稍微有一点点的帮助，如果你愿意，有什么烦恼和不开心也可以跟我说哦，我可以当你的树洞！如果你的条件允许，无论是不是抑郁症，都可以去看看心理医生，他们可以给你提供更专业的帮助。不用担心，或许唠唠嗑，你的情绪就能够有所缓解了。事情并不总是像我们想象的那么糟糕。,2,0
「已注销」,你问人为什么而活我回答不了你，因为每个人生存的目的不同。但是按题目来说，去精神病专科医院检查，就可以确定一个人是否患有抑郁症。,1,0
LEE,同意楼上，马上去医院！马上去医院！不要轻视精神疾病，题主描述的这些都是表现，而且程度不轻了，幻听幻视强迫，缺少动力，必须立刻接受治疗干预，请务必提到最高优先级解决！务必提到高于上学的优先级解决！,1,0
我爱吃甘蔗,直接去医院检查一下是最好的，精神科挂一下检查一下就知道了。一般来讲，如果躯体症状反应持续2周以上那么基本上抑郁症就没跑了，我觉得你可能是双相。哦对了，你之所以会不明白你为什么而活，是因为你感受不到快乐，这不是你的错，也不是世界的错，只是你的感知出现了错误，你病了，抑郁症不是单纯的心理疾病，它会影响你的神经递质，让你出现错误的感受与判断等，所以 如果你确实有抑郁症，那么 看病吃药，然后你的感受就会好转，你或许就不会再问为什么活着了。,1,0
夜夜,去看医生吧，告诉家里也好，不告诉也好，反正先去医院，真的。说实话吧，当你开始怀疑自己有毛病了，那就差不多真的有了，好好看医生，时间久了不会好，只会无可救药……死算什么……,1,0
入秋,这不只是抑郁症！！！甚至可能不是抑郁症！！！！！尽快就医！！幻觉和记忆缺失是两个非常严重的精神疾病的典型症状。尽快就医,1,0
山有木兮卿有意,情绪不稳定持续一个月以上，身体有明显的变化，比如体重降低或增加，记忆力下降，忽冷忽热等等总之和之前不一样的一些变化发生了，OK，尤其是自己已经开始怀疑自己抑郁了，不管你情绪稳定的时候啥样，只要持续一个月总能感受到自己时不时的会痛苦，请马不停蹄正规三甲医院精神卫生科挂号！！！！！！一旦确诊，请不要自己私自增减药量，不要觉得自己控制住了就私自停药！拜托！一定要相信大夫！最好以后复诊都面对同一个让你感觉舒服的大夫！前期刚开始治疗如果大夫让你感觉不舒服，不自在，不信任等，请及时和大夫沟通，或者换一个大夫！总之！要相信自己！生活尽量放松，所有的事尽力而为！！！,1,0
晓笙,不知道你可不可以听一下我的意见，可以先去寺庙或是道场。不要放弃，要活着才有希望。我去过两个正法道场，一个是山东博山正觉寺，一个是仁泽上师的道场，都医好过一些人。可能我们接受的教育是科学，但是所谓的精神分析，心理测试也都是一个概率学，就连大脑功能检测也都是谣传，正规医院并没有采用。迷信科学未必不是迷信，这同时也是个信仰自由的社会，如果还有机会为什么不去试试呢。我是建议先去这个看看吧，佛寺真的有一种莫名的加持力，第一次见仁炟长老的时候，只是跟在他身后就莫名地感动幸福，不禁落泪。也会有一种力量。而且学佛也讲究实修实证，并非是愚昧地只知烧香拜佛。师父说“佛不比众生多一点，众生不比佛少一点，众生是没有觉悟的佛。”,2,1
匿名用户,抑郁症外表是看不出来的，我就是一个抑郁患者，抑郁好几年，身边的亲戚朋友都不知道这情况，我每天都很开心的面对他们，可心里早已将自己杀死了一万遍。内心真实的想法是与世隔绝不与所有人来往，巴不得自己早点死去，即使到了该结婚的年龄我还是选择单身，身边人都好奇我为什么这个年纪还不赶紧结婚生子，可是对于抑郁患者来说，自己的生活都一团糟，哪来的精力去爱别人？没有选择自杀的原因很简单，就是怕家人伤心，可是这种念头最近越来越强烈，我怕我会控制不了自己，但又怕家人会伤心会难过，我真的好难,6,6
要安静,宝贝，想法办去看病，真的比较严重的，这个不是心理因素了，你身体上都有幻听等比较严重的反应了，这个不是你的错，也不是你能改善的啦！去看病，真的可以治好的！！,0,0
小豆班的王彩虹,我有时候也在想啊！人生到底有什么意义呢！为什么活着呢！要不我现在就自杀了吧，反正这样一直下去一点意思都没有。后来慢慢觉得，我想去很多漂亮的地方看看，去旅游。我还想陪陪妈妈，外婆去世很早，她一直都很难过。我还想看着弟弟从一个八岁的小孩子长成二十岁的大男孩。我还想和喜欢的人做很多很多事情。还要和为数不多的那一两个朋友吃吃喝喝。你看 人生的意义是自己给自己的，每个人都不一样，或许 你还有更重要的事情 要用这一生慢慢做。,4,0
墨点朱砂,网上测试一下呗，其实都差不多，去医院的话一般人会有点不好意思。其实抑郁症也没什么，不过是对生活没什么兴趣而已，不过大部分普通人都是这样平平凡凡普普通通，厌倦又不得不持续，觉得人生没什么意义但又期待未来，总感觉死了有点亏的样子。我觉得认识到自己有抑郁症也挺好的，这样不善社交不想外出不想有太多情感交流什么都有了源头，是因为病了，这样更容易原谅自己了不是。要说去医院也许，去医院的话，我感觉更多的是向周边和亲人证明，这是真的。（默默的说即使这样，在大环境下，周围和亲人也只会觉得你矫情，懒什么的，不会相信他们一般会认定的权威。他们完全不了解抑郁症是什么，也许他们自己也有，不过也不当回事。几千年都是这么过来的，这时髦的词还没法成为他们的常识进入他们的大脑）备注：这是得是无神论者才行，因为不相信灵魂和鬼魂存在，所以不想放弃肉体存在，怕一闭眼真的就一了百了什么都没了。,3,0
80286,说三个真事。一、因为有个项目做这个领域，有投资，投资方推荐了律所。一个著名的大律师带着两个漂亮助理，在办公室和我聊。大律师是那家著名律所的合伙人，绝对的成功人士。他按例问问题：你们做这个，市场怎么样。我说我给你讲个事情。在之前，有个投资人想来聊这个项目，但我们已经签了其余投资机构，于是婉言谢绝。他非要来，见面后就开门见山：我就是抑郁症患者，治疗了一年，才恢复工作，所以特别想聊聊这个领域的项目。我们就问：那你病的时候什么表现？他说：感觉啥都没意思，啥都不想干，根本不想动。我那时回家，到家楼下，坐在车里，就觉得一根指头都不想动，一点力气也没有，有时能一个人在车里待几个小时……当时项目的负责人，也是著名的专家，就说：那还真是病了。某种意义上讲，抑郁症就是生命活力丧失症。事情刚讲到这里，本想借此展开这个领域的潜力和我们的规划，那个大律师脸色都变了。我眼见他脸色煞白，就停下来，问：咋了？他半天没说话，就看着我，良久，叹口气：我也是这样。我说不会吧。他说真的，这段时间，他和我说的投资人完全一样，活力尽失，欲望全无，开车回家，能在车里坐上两个小时，手机不管，什么都不想干，眼皮都不想动。然后转头跟两个助理说：知道了吧，你们的老板病了。一时间会议室里四人默然无语。二、2014年我和老婆去美国玩，第一站洛杉矶。我的一个朋友，在洛杉矶，我知道他抑郁症严重，打算顺道去看他。这哥们，15岁考上清华，此前在中国著名的互联网公司当高级副总裁，公司早已上市，财务自由。去之前，我叮嘱老婆：人家不提就别问这事。到了后，发现情绪很好，原来治疗效果极好，当时陪孩子来美国夏令营。多日不见，一见彼此很亲热，他主动说起自己的病，倒让我始料未及。啥？重度？抑郁症加强迫症？真的假的？强迫症？真的。他正给我倒果汁，说：发病时，比方说，我非要把这盒果汁倒完，杯子溢出来也要继续，根本控制不住自己。你抑郁症我知道，但有这么严重么？嗯，最严重的时候，我爸妈过来看着我，怕我自杀。看他和他夫人谈论此事，神态自若的样子，我无比感叹！三、我带一个朋友去看医生。这朋友，未婚，独居，当时不工作，北京郊区租房，宅家打游戏，有痛风，不爱交际。感觉自己抑郁了，我一问情况，估计还真是。北医x院，著名专家，当时380一个号，极难挂，我认得专家，去请他帮个忙加了个号。会诊时，问到病情，我说要不我出去，专家问我朋友：他在旁，可以吗？你让他出去还是在这里？朋友犹豫了一下，说：在旁边吧。因为是我朋友，专家很客气，问得很详细，也鼓励了他（这哥们竟然此前不知在哪家医院做了化验），说不算很重的抑郁症，但得治疗。加了一句：这就跟感冒一样，是常见病，别担心，但你这种情况，要坚持治疗。开了药，千恩万谢走了。过了一个月，我打电话问他：坚持吃药了吗？他说现在知道怎么对付抑郁症了，不用吃药了。我说：啥？你咋能这么干？专家不是让你复诊吗？说：去了，感觉专家就开点药，没啥特别的，还不如我自己调理。我：……我说哥们，你得如果连这个专家的话都不听，我就不知怎么帮你了。这个专家在全国都是一等一的。没用，不听。几年过去，他几乎和所有人断了联系，中间听说回老家了，还替他高兴。后来一个他走得最近的哥们说：压根就没回，还在北京，春节都不回家，一个人关屋子里就一周，连买东西不出去……——————————自己不是抑郁症，但见得多了，讲三个真事，看看能不能有点用。总结一下：1-抑郁症一定要治疗，一定！不要奢望单靠自己化解，虽然，自己的化解也很重要。2-抑郁症有心理引起的，有生理病变的，有遗传的，有综合原因的，而且不分优秀与平凡，都可能得。3-抑郁症不是不治之症。我认识一个专家，台湾顶级心理治疗师，此前是金钟奖主持人，重度抑郁症曾多次试图自杀，现在好好的给大家开课，人极nice。4-抑郁情绪和抑郁症两回事，但都要警惕。5-抑郁症各种表现，比如有人特别爱喝咖啡，治疗一段时间就对咖啡无感了。但，生命活力逐渐丧失，干啥都没兴趣，要重视。6-自我攻击型的，换句话说喜欢自己怼自己的，动辄看不起自己的，容易得。能自得其乐的，睡得好的，相对不容易中招。想到哪说到哪，慢慢再更。,2,0
Rachel,不管是不是，先去医院！知乎不可能像医生那样给你一个确切答复。不要觉得精神科【有的地方叫心理科】是个很恐怖的地方，那里就算是你失眠都是可以去看的，你如果始终无法接受，就当是看失眠吧。遵医嘱，医生要你住院你就住院，要你休学你就休学，要你吃药你就吃药，医生如果建议去做心理咨询，别管他一小时是700还是1000，做就是了，钱没有生命重要，真是抑郁症，你又没自觉，自杀的可能性不小。然后自己要学会调整心态，强迫自己积极一些，有时候也会对自己的情况有好处的。,2,0
不是山谷,是不是现实中的压力太大了呢，现实压力太大无法释放的时候，很容易出现这种情况，好像大脑的机能停止了，但是压力又需要释放出来，就只能沉浸于幻想和自我的内心世界，甚至出现世界是虚幻的这种感觉。意识模糊、出现幻听、答非所问应该是问题出现好长时间没有解决，已经不抱希望，只有沉浸在自己的幻想世界中才能释放痛苦，可能精神衰弱已经到很严重的程度了。后面的问题，尽量换一个新生活环境吧，和鼓励你相信你的人在一起，这些问题都会伴随着时间消失。,2,2
张知了,我在这只是给大家做一个简单科普，需要确切的诊断还是要及时到各地区大型精卫中心或者各大医院的精神科确诊。根据精神疾病诊断与统计手册第五版（The Diagnostic and Statistical Manual of Mental Disorders，简称为DSM-V）上对于抑郁症的诊断标准。DSM-V由美国精神医学学会出版，是一本在美国与其他国家中最常使用来诊断精神疾病的指导手册。注意：抑郁症需要满足A-E每一条标准。A、在同样的两周时期内，出现5个或以上的下列症状，表现出与先前功能相比不同的变化，其中至少1项是（一、二两项必有一项）：     一、心境抑郁     二、丧失兴趣或愉悦感       （以下1-9项至少5项）         1、几乎每天大部分时间都心境抑郁，既可以是主观的报告（例如，感到悲伤、空虚、无望），也可以是他人的观察（例如，表现流泪）。（注：儿童和青少年，可能表现为心境易激惹。）         2、几乎每天或每天的大部分时间，对于所有或几乎所有活动的兴趣或乐趣都明显减少（既可以是主观体验，也可以是观察所见）。         3、在未节食的情况下体重明显减轻或体重明显增加（例如，一个月内体重变化超过原体重的5%），或几乎每天食欲都减退或增加。（注：儿童则可表现为未达到应增体重）。         4、几乎每天都失眠或睡眠过多。         5、几乎每天都精神运动性激越或迟滞（由他人观察所见，而不仅仅是主观体验到的坐立不安或迟钝）。         6、几乎每天都疲劳或精力不足。         7、几乎每天都感到自己毫无价值，或过分地、不恰当地感到内疚（可以达到妄想的程度），（并不仅仅是因为患病而自责或内疚）。        8、几乎每天都存在思考或注意力集中的能力减退或犹豫不决（既可以是主观的体验，也可以是他人的观察）。        9、反复出现死亡的想法（而不仅仅是恐惧死亡），反复出现没有特定计划的自杀意念，或有某种自杀企图，或有某种实施自杀的特定计划。B、这些症状引起有临床意义的痛苦，或导致社交、职业或其他重要功能方面的损害。C、这些症状不能归因于某种物质的生理效应或其他躯体疾病。（注1：诊断标准A—C构成了重性抑郁发作。   注2：对于重大丧失（例如，丧痛、经济破产、自然灾害的损失、严重的躯体疾病或伤残）的反应，可能包括诊断标准A所列出的症状：如强烈的悲伤、沉浸于丧失、失眠、食欲不振或体重减轻，这些症状可以类似于抑郁发作。尽管此类症状对于丧失来说是可以理解的或反应恰当的，但除了对于重大丧失的正常反应之外，也应该仔细考虑是否还有重性抑郁发作的可能。这个决定必须要基于个人史和在丧失的背景下表达痛苦的文化常模来作出临床判断。）D、这种重性抑郁发作的出现不能更好地用分裂情感性障碍、精神分裂症、精神分裂症样障碍、妄想障碍或其他特定的或未特定的精神分裂症谱系及其他精神病性障碍来更好地解释。E、从无躁狂发作或轻躁狂发作。注3：若所有躁狂样或轻躁狂样发作都是由物质滥用所致的，或归因于其他躯体疾病的生理效应，则此排除条款不适用。以下是我个人认为比较重要的三点：1、时间上需要两周或者更久，如果在几周或几月内断断续续出现，那就应该考虑一下是否有什么事情与自己的情绪波动有关联，比如说喜欢的人没有理我的时候就变得闷闷不乐，这些就不能称作为抑郁症，甚至连抑郁发作也算不上。2、抑郁症一定包含抑郁发作，但有抑郁发作并不一定是抑郁症，可能是因为突如其来的变故（如亲人去世、分手离异、失业破产等）引发的短时的一种感受；也可能是其他心理疾病（如双相障碍、精神分裂症等），所以自己通过此诊断是无法准确判定，只是作为是否要去医院检查的一个自检，量表同理。3、当时我去医院确诊的时候医生着重提醒了B中的内容，你的抑郁症状是否对生活、社交、工作产生了较大的影响，因为当时我的情况并没有呢么糟糕，去看医生的时候距离最严重的时期已经一年半左右，所以对于工作生活的影响并没有呢么大，只是中度抑郁。如果你已经对生活产生了较大影响，请尽早就医！请尽早就医！请尽早就医！ 最后附上三个抑郁症自测问卷，可以以此来自测，问卷可直接百度，使用上有什么问题可以留言解答。1、症状自评量表SCL902、Zung氏抑郁自评量表(SDS)3、Zung氏焦虑自评量表（SAS）第一份比较具体，后两个较简短，再一次重申，问卷只是作为依据之一，并不能确诊，如果自测结果有明显的抑郁倾向，请及时到医院就诊。看到高赞回答中有一个提到了心理学与抑郁症的关系，我的观点是我很赞同他说的抑郁症肯定有躯体上的问题，但我觉得同时也一定包含心理上的问题，作为一个患有抑郁症的患者，最开始因为垂体瘤导致的皮质醇增多，但是在垂体瘤手术后仍然有一定的抑郁，前期可能更多的是生理上的影响，但后期更多的是心理原因的导致，所以心理治疗也是很好的一个治疗抑郁症的途径，只是所有的途径并不是唯一的，不能因为心理治疗不吃药，也不能只吃药而忽视了心理治疗。人是有自我调节的功能的，心理学中有个词叫做自我暗示，当你心情愉悦和心情悲伤时，身体分泌的激素也不相同，是可以通过心理咨询达到改善抑郁症的，但前提是吃药请遵循医嘱。 如果喜欢我的回答可以点个赞，关注一下我的微信公众号。谢谢各位。一个学过些心理学皮毛的抑郁症患者，告诉你抑郁不是矫情!,1,0
RUI,你需要告诉你的父母。放心，大部分情况下他们一开始不会相信，但是只要你坚持去医院他们肯定会带你去医院的，确诊了之后他们就会相信了。因为我男朋友以前高中也是这样的情况，到现在怎么说，他可能还没完全痊愈，有些情况跟你现在的处境很像只是可能没你那么严重。啊对，他现在已经本科毕业在读研究生了。你并不是异类，我跟我男朋友现在生活的非常好，他的朋友们也非常喜欢他。我们对他的喜欢并不是因为同情或怜悯，而是因为志趣相投情投意合，大家都没有因为他得过抑郁症而认为他是异类或者不是普通人正常人，他和我们每个人都一样，会吃饭会打游戏会开车大家一起出去郊游会跟我一起去旅游。所以一定要说出来，要让父母带你去看医生，也许你可以不告诉你的朋友（当你不确定他们那么信得过的情况下），但是一定要告诉你的父母，尽早看医生，即便不吃药，也需要医生帮你做心理治疗和疏导。,1,0
袋鼠健康体检预约,谢邀。轻度抑郁症有以下表现：第一，心境的不良。这种情绪的不良处于轻度，仅仅表现为有点不高兴、有点不开心，跟心情好的时候相比，患者变得不愿意说话，也不愿意见人，精力也有所下降。第二，患者的自信心也会有所下降，会有一种自责、自卑的情绪，觉得自己处处都不如别人。第三，部分患者可能会出现一些躯体上的症状，比如容易劳累，对性生活的兴趣明显下降，这都是抑郁症比较常见的一些表现。患者还会有失眠、早醒、食欲明显下降等其他常见的表现。,1,0
空空,我也不知道为了什么而活，很难有什么可以提起我的兴趣，只有一条建议，如果突然有一件想做的事情，哪怕只是一闪而过的念头，也要立刻马上去做，不要因为拖延而错过这个取悦自己的机会，只要不是违法犯忌伤害自己的就行。自己取悦自己,1,0
柚子酱,不要自己瞎整了，直接去做检查吧，我刚从医院出来，已经确诊是焦虑抑郁症了,1,3
孤舟渡,不容易判断出来我身边除了我初中同桌没人觉得我是抑郁症，主要是我日常表现也不像是抑郁的人。事实上出现抑郁倾向三年多，吃药快一年了，主要原因是和同学的矛盾以及和初恋分手，之前状态是觉得做什么事都没有意义，有时间就喜欢发呆和想事情，怀念过去，封闭自己不愿意去和别人交流，最严重的时候想到过跳楼，冷静下来心态也崩溃了。找导员，休学了一年，办了学制延期。现在吃药好了一点，有了想要努力的想法。平时不喜欢麻烦别人，也不太喜欢和别人交流太多关于自己的事情，所以周边的人都觉得我很正常吧，大学之前我也是个外向的人，初中同桌和我六年同学，对我很了解，所以我不正常的时候他看出来了，我难受的时候也庆幸有他可以开导我。大家记得，有抑郁倾向就去检查一下，提前控制会更好，我已经耽误了自己一年，现在各种不方便。希望每个人都慢慢变好。,1,0
燚骉驫,早上嗜睡，没精神完全不想干任何事，晚上因为害怕第二天的到来强行熬夜。,1,0
君子慎独,会一个人半夜不睡觉跑去无人的天台吸烟，或者到大街上猛踹垃圾桶的，不是抑郁症也绝非正常人,0,0
星光,抓紧去医院，千万别拖着。,0,0
Rosireity,推荐阅读一下心理学与生活，虽然两类神经递质的问题会导致抑郁症状和焦虑，但目前还不能完全确定化学生理机制。抑郁症不仅仅是生理问题，环境，个人的思维方式，压力排列方式，社会功能等等多方面都相关。,0,0
超职教育-心理学,1.抑郁心境程度不同，可从轻度心境不佳到忧伤、悲观、绝望。病人感到心情沉重，生活没意思，高兴不起来，郁郁寡欢，度日如年，痛苦难熬，不能自拔。有些病人也可出现焦虑、易激动、紧张不安。2.丧失兴趣是抑郁病人常见症状之一。丧失既往生活、工作的热忱和乐趣，对任何事都兴趣索然。体验不出天伦之乐，对既往爱好不屑一顾，常闭门独居，疏远亲友，回避社交。病人常主诉“没有感情了”、“情感麻木了”、“高兴不起来了”。 3.精力丧失，疲乏无力，洗漱、着衣等生活小事困难费劲，力不从心。病人常用“精神崩溃”、“泄气的皮球”来描述自己的状况。 4.自我评价过低：病人往往过分贬低自己的能力，以批判、消极和否定的态度看待自己的现在、过去和将来，这也不行，那也不对，把自己说得一无是处，前途一片黑暗。强烈的自责、内疚、无用感、无价值感、无助感，严重时可出现自罪、疑病观念。 5.病人呈显著、持续、普遍抑郁状态，注意力困难、记忆力减退、脑子迟钝、思路闭塞、行动迟缓，但有些病人则表现为不安、焦虑、紧张和激越。 6.消极悲观：内心十分痛苦、悲观、绝望，感到生活是负担，不值得留恋，以死求解脱，可产生强烈的自杀念头和行为。 7.躯体或生物学症状：抑郁病人常有食欲减退、体重减轻、睡眠障碍、性功能低下和心境昼夜波动等生物学症状，很常见，但并非每例都出现。 8.食欲减退、体重减轻：多数病人都有食欲不振，胃纳差症状，美味佳肴不再具有诱惑力，病人不思茶饭或食之无味，常伴有体重减轻。 9.性功能减退：疾病早期即可出现性欲减低，男性可能出现阳痿，女病人有性感缺失。 最危险的症状 抑郁症患者由于情绪低落、悲观厌世。严重时很容易产生自杀念头。并且，由于患者思维逻辑基本正常，实施自杀的成功率也较高。自杀是抑郁症最危险的症状之一。据研究，抑郁症患者的自杀率比一般人群高20倍。社会自杀人群中可能有一半以上是抑郁症患者。有些不明原因的自杀者可能生前已患有严重的抑郁症，只不过没被及时发现罢了。由于自杀是在疾病发展到一定的严重程度时才发生的。所以及早发现疾病，及早治疗，对抑郁症的患者非常重要。不要等患者已经自杀了，才想到他可能患了抑郁症。 躯体症状  抑郁症的躯体症状 抑郁症除了会出现情绪症状外，还会出现一些躯体症状，其中包括睡眠紊乱（入睡困难、睡眠浅、早醒，还有一种情况是，别人以为他睡的很好，但本人觉得自己一点也没睡着）、乏力或精力减退、食欲下降（70%的抑郁症患者都会出现这种情况，轻的表现为没食欲，重症表现为丧失食欲）、性功能减退（女性会在抑郁症发病期间出现闭经）、体重下降、便秘、全身疼痛不适等非特异性躯体症状。 抑郁症主要以抑郁心境、思维迟缓和意志活动减退为主，多数病例还存在各种躯体症状。 (1)抑郁心境：基本特点是情绪低落，苦恼忧伤，兴趣索然。感到悲观绝望，痛苦难熬，有度日如年、生不如死的感觉。常用活着无意思、高兴不起来等描述其内心体验。典型者有抑郁情绪，昼重夜轻的特点。常与焦虑共存。(2)思维迟缓：思维联想过程受抑制，反应迟钝，自觉脑子不转了，表现为主动性言语减少，语速明显减慢，思维问题费力。反应慢，需等待很久，在情绪低落影响下，自我评价低，自卑，有无用感和无价值感，觉得活着无意义，有悲观厌世和自杀打算，有自责自罪，认为活着成为累赘，犯了大罪，在躯体不适基础上出现疑病观念，认为自己患了不治之症。(3)意志活动减退：主动性活动明显减少，生活被动，不愿参加外界和平素感兴趣的活动，常独处。生活懒散，发展为不语不动，可达木僵程度。最危险的是反复出现自杀企图和行为。 (4)躯体症状：大部分抑郁病人都有躯体及其他生物症状，例如心悸、胸闷、胃肠不适、便秘、食欲下降和体重减轻。睡眠障碍突出，多为入睡困难。 (5)其他：抑郁发作时也能出现幻觉，人格解体，现实解体，强迫和恐怖症状。因思维联想显著迟缓及记忆力下降，易影响老年患者的认知功能，出现抑郁性假性老年痴呆症。获取更多专业的心理学文章和回答，请关注：知乎用户谢谢一路有你，如果喜欢，记得点赞哦,0,0
莫比烏斯.韓,有抑郁量表，和人格量表，到医院测，测完医生会问一些问题评估后再下诊断，中度以上需要先服药，咨询只能辅助。中度以下可以进行咨询。,0,0
我守着云开,回答不了抑郁症的问题，但是勉强回答你另一个问题。人这一生为了什么活着？你得先活着，再考虑是为了什么。或许三年五年，你回首看看现在的自己，又有另外的答案。  你的朋友、恋人、亲友、甚至敌人都不过是自己人生中的匆匆过客而已。 不要太在意别人的眼光，徒增烦恼。活着不是活给别人看的。为了自己活着。,0,0
敬畏守拙,《有关抑郁症病因及疗愈的一点看法》早期生存环境影响下导致精神心理发育不良，抑郁症是一种心因性的心理-生理症状。心理与生理的因果关系不能倒置。抑郁症患者失去自我反省认知自身错误的能力，而且认知模式固化，因而纠错改变的能力也就无从谈起。这是抑郁症鲜有根除的原因。旧有的心理习性得不到彻底改变，抑郁症的疗愈就不可能。改变的过程非常痛苦，不得不面临自我否定和对原生家庭环境否定的精神痛苦，大多数人会因循“追求愉悦，躲避痛苦”的天性而自动回避。这让抑郁症疗愈很难，这是一个“对锁”的两难困局。治愈抑郁症，如同大禹治水——疏通：彻底改变早年原生家庭养成的心理习性——“能力越界索取型”心理结构。堵截：临时性通过药物减轻生理上的偏差，为心理改变创造有利环境。在此抛砖引玉，提出一个观察思路。如果上述说法让一些读者心情不悦，那就先抱歉了。老子说：“上士闻道，勤而行之。中士闻道，若存若亡。下士闻道，大笑之。不笑不足以为道。”,0,0
伊尔慕雪, 今天去了一家三甲医院看了精神科的抑郁症，医生初步诊断为中度抑郁症发作，给开了两盒药。虽然难以接受，但还是隐隐有一种松了一口气的感觉，还是听医生的确诊吧。,0,1
龙美雪,基本你去了精神专科医院，对医生说自己的痛苦，医生就会给你开药的,0,0
冬麻麻,我也这样，但我怕死，想活着，而且想平静的活着，没有焦虑和恐惧，但现阶段，我还做不到，有时候难受起来像马上就要死去一般，只有煎熬着，自己陪着自己的痛苦和恐惧，等过了那个最难熬的点，心又会松些，过段时间又难受，又熬，又松些，我也不知道该怎么劝导你，只想说我和你一样，我们一起熬吧，如果太严重还需要吃药，我每天都吃的，最后在补充一句，睡眠很重要。祝安好,0,0
Emma婚姻情感专家,这是典型的抑郁焦虑情绪，因为之前事件发生做了情绪上的沉淀，如果不及时改善状态，就会发展成抑郁症。抑郁更多的是负面事件导致负面情绪长久积累所致。,0,0
风软一江水,看哭了，我跟题主差不多有同样的经历，我有时也在想人这一辈子到底是为了什么，也看到我妈过得并不幸福之后，突然又想，人这一生为什么又要结婚，又要浪费自己的青春来带大一个孩子。跟男朋友说了后他让我以后不要跟他说这些，他觉得我脑子有病，不能好好说话。说我天天跟他说这些可能真的有精神病，让我赶紧去检查。他说你爱跟谁说跟谁说，跟你闺蜜或者谁说都行，就是别再跟我说了。可能他也是总听我说听烦了吧，可能跟他说了之后他并不能帮助我什么，但是他这个态度，我就更想得到答案，人为什么要结婚？我只是想问，我可能真的有问题吧，我还要继续拖累他吗？,0,1
李文杰,别去，去就是走流程＋开药 极度不科学,0,0
加热的气球, 人正是因为不知道为什么而活 所以才想拼命的活下去来让时间证明自身的价值和活下去的意义吧,0,0
苏伊士,抑郁症以及及其他精神疾病 例如也相对较常见的双向情感障碍等 只有精神科医生具有诊断资格 而非咨询师或其它如果有需要 请立即就诊谢谢,0,0
王大海,如果一个人在学校跳楼了，那么他一定有重度抑郁症。（迫真）,0,0
琼蓝,想法变多思维放飞，注意力无法集中是很典型的症状了，如果睡眠不好就得吃药，严重到整夜睡不着时会失去控制，目前你还是很清醒和理智的，有求救能力也知道分析自己的压力所在，把压力点看的轻些，成绩学业和病情生命比起来哪个更重要呢？学习在这场生命中只占很小的比重，如果你很看重学习成绩，但你的现状是无力有效学习的，可以选择休学试试，你的年纪要慎重选择就医，市面上的治疗能力参差不齐，药物和心理医生能起到的只是辅助作用，而且对身体智力确有创伤，给你的心灵放个假，好好享受睡眠，找回生命的快乐，才能更好地投入到你重视的领域去。阳光和睡眠是人类的好朋友。,0,0
似春风化雨,我以前跟你一样，去看医生吧，各个地区的精神卫生中心，或者各三甲医院心理科，都可以，该吃药吃药,0,0
废仙女,去医院检查一下还是有必要的,0,0
匿名用户,作的，丧的，基本都有抑郁症，就算没有抑郁症，也把抑郁症当成自己一切不合理举动的借口,0,0
若翊,我只说一些自己的想法，仅供参考活着就是活着没有为啥活着能来到这个世界的人没有人在来之前决定自己命运的我不信有轮回但假设有轮回转世前的一切都没有意义因为记忆不能传承况且都转世了我还是我吗有的人能赋予自己生命的意义是因为他们相信自己的意义我认为人来这个世界本就无意义无论善恶美丑其实都一样只是我比你好没有你这么脆弱我还是一个伪善的人人们温暖过我我也感谢他们我活着的信念是来了都要走坚持一天是一天无论是否善终是否功德圆满都要消失静静的等待大限来临朋友还是坚持下去吧如果学习知识不行尝试一下艺术去寻找一下生命的意义万一你找到了呢疾病是什么？疾病就是你遇到的大多数人都没有遇到过所以基本不能体会到你的感受而心病更麻烦可能是同一类心病但症状不一样也可能相同的症状心病，但产生的原因缺不一样心病还需心药医对于心病自己才是自己最好的医生从前人的书中去寻找知识看能否找到解药或者找到病根吧,0,0
卧龙先生,我自己也这样不用为了什么而活我之前也想了很长一段时间这个问题，觉得活着没意义其实活着确实也没啥太大意义因为最后的结果都会死亡现在的过程就是要好好珍惜这段时光因为几十年后你就不会再有意识想想几百年后的生活你我都不复存在想想宇宙这么大你我多渺小啊死之后没意识挺好的就像没出生前一样毫无痛苦我能真实感受到你的存在这个世界是真实的结交几个好朋友开开心心的，没心没肺的困了就睡觉你会一生和别人活十几年最终结果都是死但是你比别人多了几十年的精彩人生多珍贵啊树立一个目标完不成的那种永远去追逐它别那么在意成败开心就好一个人为什么要活着其实每个人有每个人的答案每个人都想过类似问题有的人想通了而你只是还没跨过那道坎 活下去加油❤️2019224l,1,0
Name No,去医院精神科吧。你这不像是一般说的抑郁症，反而有分裂性疾病的征兆，幻觉，持续的解体体验，这些都不是抑郁症的特点。后者更棘手。还有一个就是一定要主动调正规律自己的睡眠，饮食也应注意均衡。我知道有高中生缺乏睡眠会被“熬”出精神症状。如果你想信教的话，生存的意义就是个很简单的问题。如果你不信，那么人一生不为了什么而活，人只能为了自己而活，甚至你不能为了自己的事业/爱好/祖国/……而活，只能为了自己而活。可以取用解释有，我活着就是为了不死去，为了舒适地活着，因为降生于世又没有办法立刻死去。你可以认为自己生存的意义要靠自己创造，你可以认为意义不存在存在不合理，你可以认为意义是人内在的趋向引起的错觉，或者人不可知意义是否存在等等。有很多人著书讨论过相关的问题。但是总而言之，去精神科看一看。追寻你期望的答案需要理性的心智，失却理性的话便连疑问的能力也没有了。,0,10
肥叔,一个假说，有一种教育方式很容易引起抑郁。没记住，做错了，就给孩子注入痛苦，比如揍一顿或者臭骂，而不考虑孩子的感受。这样的教育如果贯穿童年，会养成一种倾向，注意力非常容易集中在能引起自己不适感的事情上，且不会主动脱离开，因为一旦没注意，就会被打，就会承受更大的痛苦。于是，性格养成后，这个人注意力就会一直集中在让自己不舒服不开心的事情上。潜意识中，为了防止自己落入更大痛苦中，而主动的去注意到生活中任意可能的痛苦。这样日子久了，注意力无法从生活中各种痛苦脱离，这个人生活就一直是痛苦的。而生活一直是痛苦的，就很容易导致抑郁。这类父母是被焦虑控制了自己的行为，在他们脑海里，孩子只要有一些出格的行为，就立刻浮现出一些会让他们恐惧的未来，孩子将来会堕落，会生活不下去，甚至会不孝顺等等。于是他们就会使用暴力强迫孩子不要做那些让自己焦虑的行为。想让自己跳出这个怪圈，第一个要解决的，就是内心的焦虑问题。需要的朋友可以关注公众号“百家心理”，后台回复“育儿”，获得有声读物-如何做不焦虑的父母。我还特地去找了一本针对焦虑比较优秀的书籍，放到了公众号自动回复的后台，关注公众号“百家心理”，后台回复“焦虑”，即可获得。这是一本自助方面比较出名的书，再版了好几次，每次豆瓣评分都在8分以上，避免广告嫌疑，书名就不放了。还是推荐正版书，感觉有效，请购买正版实体书支持作者。,28,6
兔狲酱嘎嘎嘎,去医院看看吧孩子。出现幻视幻听就算是比较严重了，这是重度抑郁还有精神分裂等才会出现的症状。靠问知乎不太靠谱，去医院吧真的！祝好！,14,0
苏老师,你好，突然刷到这个问题，虽然苏老师主要一直在知乎上回答各类男性情感问题，但是作为一个相关专业毕业，对抑郁症有一定了解的人，看到你这个问题描述还是心里一紧。根据你的描述，我感觉症状已经相当严重。食欲问题、睡眠问题、幻听、性格暴躁、精神恍惚、记忆力下降、身体疲惫、有自杀想法；简直就是教科书般的抑郁症症状描述，我都惊了。人为什么而活我不感兴趣，但是我强烈建议你尽快就医。这已经不是意识形态的问题了，是身体健康状态的改变带来的负面影响让你胡思乱想。然后我给你找了一个简单的自评量表抑郁自评量表（SDS）可以点进去做一下试试，我估计你应该有80分以上。我知道这可能很难，但是还是你需要告知你的父母关于你的身体状况问题，让他们带你去医院精神科做一个更详细的检查。然后好好听医生的话，按时吃药，多运动。祝你健康。,4,0
匿名用户,我到现在也不知道人这一生是为何而活，也许直到生命的终点我也不会知道，但即使我为可能永远都无法知道这个问题的答案而悲伤痛苦，却改变不了我依旧要在这个状态下等待直到人生结束的事实。但只要我一想到生命中每一次欢欣和痛苦，得意和懊悔，都存在让我逐渐接近这个答案的可能，便增加了一分再等待下去的愿望。,4,1
匿名用户,你好，先不要去想人这一生为什么而活，你现在需要做的是好好调整自己，改变自己不良的习惯。根据你的描述:1.晕倒，容易累，食欲减弱:气血不足，脾胃不好。晕倒这种情况排除其他病症，就是脑供血不足。(那么你应该想想你平常有什么坏习惯，一直在消耗自己的气血。然后再补气血。)2.晃神，意识模糊，反应迟钝，记忆力、学习成绩下降:肾气不足，肾精严重不足时，无法向上滋养脑部，就会导致突然脑子空白，迟钝，智力下降等情况。(最伤肾精的是纵欲过度(比如自慰)，还有熬夜，还有就是长期处于恐惧状态，不运动等。)3.脾气暴躁:如果总是晚睡的话，肝火就无法正常疏泄，脾气就会越来越暴躁。肝肾同源，还是说到肾，肾气不足，就像发动机带不动整个身体运转，就会一方面疲乏一方面暴躁。4.感情淡薄，思考活着的意义:你是不是还特别不爱运动，拖延症等。一个人没有活力的话，脑子就会想七想八想很多，但想不明白，别想了，脑子已经空空，徒增负累。尝试多运动吧，能量往下一些。如果身体这些问题调理好了，还是会想活着的意义，那你是有哲学家潜质的，看好你哦！5.被孤立:你是不是看起来比较胆小精神不振很容易被欺负的样子。还是一样，当你调整好自己的状态，身体棒棒，精神焕发，气场充足，就没人敢欺负你了。(人性其实都是无知，又自私的，他们也许只想通过欺负弱小彰显自己的强大。不要理他们，专注于自己的成长，就好了。看清，但不纠结。不要揪着不放，不然肝又被气坏了)加油！,5,2
啊嘁,健康生活，少接触黄色网站，少LOL，吃些六味地黄丸就好了，但一定要健康生活,0,0
匿名用户,你家人对你的看法是怎样的？如果很理解你，爱护你，即使有时候对你凶巴巴的但是你还是需要告诉你的家人，好好聊聊。一起去看医生。不要觉得不敢说，说出来就好了。如果觉得在学校很痛苦的话可以适当休学一年，你觉得开心就好。如果家人感情不好的话你可以自己去医院，或者朋友一起。挂精神内科。把你的情况跟医生说一下，如果记性差可以列成表写下来。如果真的是很不好的消息你确诊了。那就要记得按时吃药。佛系一点，做不到就算了，发呆就发呆，没关系的。哭泣是很正常的事情，你不要心里觉得是不好。我经常在深夜痛哭，哭到全身无力，揪自己的头发，流着泪睡着。我确诊一年半了，吃药断断续续的，又摊上了一段不是很好的恋情，导致我的情况越来越严重。在前段时间医生凶我为什么不按时复查，我朋友陪我一起去医院我才按时复查。药效刚开始的时候会有很想自杀的冲动，那段时间我也在思考活着到底是图了什么，但是没有人给我答案，我到现在也没有一个答案，我喜欢吃海底捞。可能是为了海底捞的虾滑和西瓜吧。为了家里的瘸腿小狗子。如果我在遇到它之前的时候就离开了那它肯定会饿死冷死的。总之，两件事 1 看医生。2  你要记得你自己怎么舒服怎么来，多大的事情都不如你舒服重要。,3,2
匿名用户,其实抑郁情绪是每个人都会有的，不要害怕，但是如果抑郁达到了某一特定的严重程度，就需要注意并且考虑治疗了。抑郁发作的特征性表现，有以下几点：一、抑郁心境，无助绝望孤独和厌倦感 二、在平常的活动中丧失兴趣和乐趣。三、食欲紊乱，包括增加或者减少四、睡眠紊乱，包括失眠和嗜睡五、精神运动性迟缓或激越。不想运动或者是不想休息六、精力减退，即使什么都没做也感觉到很疲惫七、无价值感和内疚感八、思维困难，比如不能集中注意力或者记忆力减退九、想要死亡或自杀的想法十、可能伴随妄想和幻觉等精神病性症状以上是抑郁症的典型表现，以抑郁心境和丧失兴趣为核心特征。下面我放一个美国DSM-IV关于抑郁症的诊断标准，答主可以对照一下，对自己的情况有个更清楚的认识但是这些都只是参照，具体是否真的患上抑郁症还是需要去医院做进一步的咨询。个人建议，可以尝试行为疗法的一个方法，就是重新学会快乐的方法。可以想象一个能让自己满足的行为，比如吃一个冰淇凌，读一本侦探小说，然后定下一个约定去实施这些行为，重复进行多次，并且记录下对自己快乐旅行的反应。当然，我知道这个在最开始的时候实行可能需要很强的意志力，可能会很困难，但是不要着急，慢慢来，你很棒，不要去想，去做。最后，适当的抑郁可以促进我们面对平常试图避开的思考，但是如果过度了，一定要把意志力夺回来，要把情绪的控制掌握在自己手中，不要被负面的情绪一直困扰。加油 ,3,0
匿名用户,感觉活着没有意思，没有喜欢的事情，喜欢一个人待着，每天都感觉特别累，一点也不想动，喜欢发呆，特别讨厌和别人相处，吃饭必须要吃到撑的想吐，自卑，还特别厌恶自己，记忆力很差，情绪一直很压抑，会莫名其妙的想哭，总会回忆不好的事情，注意力不集中，反应迟钝，最近出门好几次都差点被撞，还会出现想自杀的想法，好几次都拿出刀来了，可是还是怕疼，最后放弃了，真的好懦弱，和朋友说了之后说我是一个人闲的，矫情，我也不确定自己是不是真的抑郁症也不敢去看，可能真的是太矫情了，所以自己给自己找的借口吧,1,0
匿名用户,对不起 我回答不了你的问题但我好难过 很想哭 ,1,0
好像很近又很远,看她（他）怎么跟身边人相处 如果真抑郁 不管谁在她（他）身边他（她）一样厌世 笑不起来  ,1,0
木木夕,我怎么感觉我跟你一样啊我的症状：对事物逐渐缺乏兴趣，每天浑浑噩噩，提不起精神敏感脆弱，受不了别人一丝丝的不认可，会怀疑人生的那种，害怕失去一切无法集中注意力，如果是在学习，脑子总是突然被其他事情占满，跑神，我从来没有认真集中注意力超过半小时有过不止一次自杀的想法，想一了百了，活着好难，人生好累，（但也只是想死而已/摊手，没有真的做过）莫名心情低落，哭泣，比如现在我就在哭我也不知道原因是什么，高三我都过来了，大一才觉得是事儿，（高三也有上述类似症状，但我觉得是压力大，我也能用部分理智克服一下）人生好难，人间不值得,1,5
匿名用户,人的一生为什么而活?你知道吗，这个世界本就不是为了人活的爽而设计的。活着是没有意义的，是人类这种生物强行赋予的。你见过其他动物有找寻自己生命的意义吗？人类，和其他生物一样没有任何区别。宇宙如此之大，人类相比而言太渺小，繁衍，生生不息，是刻写在基因里的本能。活着，就意味着矛盾不断。你跟我的经历很像。我曾经经历过非常痛苦甚至异于常人的高中生活。那个时候我每天以泪洗面，心跳加速，每天都有濒临窒息的感觉。从靠近班门到走进去的那段时间，我反胃想吐的感觉十分强烈。心理上的厌恶导致了生理上的厌恶。总是情不自禁的哭，为自己看不到一点希望的未来流泪。我也想像别的同学一样天天背个书包快快乐乐的上学，但我做不到。我总是在大家都俯身做题的时候抬起头来环顾四周像一个置身于室外的人看待这一切，我离他们很远很远。那个时候，脾气很差，所有的负能量都发泄给了身边的老师同学和家人。我无法心平气和的和身边的人说一句话。当着全班同学的面和老师吵架，哭的像个泪人，活的就像一个笑话。在我十五六岁本该花一样的年纪里，我祈求父母带我去各大三甲医院检查心脏的问题。但结果证明，心脏没有任何问题，就纯粹是我心理的问题。当时还和父母一起去了什么精神中心看心理医生。说我有轻微的强迫症。爸妈没有让我吃药，说副作用太大。我不知道那三年是怎么度过的 ，甚至没有一点印象，是眼泪争吵难过堆积的三年。那三年里我停止了成长，每天纠结于自己的情绪之中。直接导致了我的心理年龄比我的实际年龄年轻了三岁。高中毕业的时候，我的思维还和初三那年的我一样。而这三年的时间我从一个很外向的人变成了一个内向自卑敏感极端在意他人看法的人。对外界事物的理解能力极差，要用很久才能听懂别人在说什么，脑回路十分的奇怪。喜欢窝在一个小角落里做着自己的事情，一个人的时候就总戴着一副耳机听歌。不知道是抑郁症还是缺爱，总是渴望一个人的救赎，又总是患得患失。那三年像留下了后遗症一样，现在的我仍然没办法摆脱当时的影响，但我有尝试着不去沉浸于自己的世界和人接触。情绪就像做过山车，永远只有两个阶段，极端的快乐和极端的丧气。有点类似于双相吧。时而情绪高昂的觉得可以改变整个世界，时而低落的觉得只能被整个世界粉碎。我也不知道这算不算抑郁症，可能只是经常性的情绪低落吧。由于自身的缘故我关注心理的问题很多。我现在想的很少，就想做些自己喜欢的事情就好。我没有物欲，没有什么特别大的理想，我只想自己开开心心。而且抑郁症很主观的，是无法通过诊断来完全确诊一个人是否得了抑郁症，这是精神疾病和生理疾病最大的区别。我觉得完全是可以通过积极的心理暗示缓解甚至痊愈的。这招在我身上还蛮有效。可以多听一些治愈系的舒缓的歌来舒缓情绪。希望可以帮到你。,1,0
每天都想回母星,为了不触犯神灵的死去。,1,0
橘子水,亲爱的，你现在需要的是去医院，可能是生病了，身体发生状况了，只要治好了，人为什么活着你就会有答案了。我当初的状况和你差不多，而且可以一天不吃东西，一直哭，脾气暴躁，对着别人又哭又吼……我那时候知道自己不正常了，去了医院才知道自己是抑郁症，我哭着对妈妈说，我不是任性，我是生病了。吃了一个多月的药，现在好多了，纠结的东西也少了，身体，心理都好了很多。我在抑郁症的时候也想这个问题，也来知乎看答案，人为什么而活着呢？看过那么多答案却发现需要你自己去寻找的啊，别人所追求的和你所期望的怎么会一样呢？知乎有个回答是，人活着本就没有意义……但是为什么要思考意义，为什么要赋予它意义呢？现在我想，我为什么活着呢，为了爸爸妈妈，他们多爱我啊，还有我自己，多期待别人的爱啊，我也多想以后交朋友结婚生子把我的爱都给他们。所以，我想，去医院，如果生病了就积极接受治疗，然后，你的所有都会有一个答案了。,1,1
巷汐,如果你这样想，我只能说的，活着是为了攒够死亡的勇气,1,0
等待飞翔,强烈建议去正规精神科医院看看！我感觉你有疑似解离性人格的症状。网上可以搜一搜DID test自测一下(我不知道有没有中文版的)。测试结果不能够说明你有该病症，因为其它问题，比如PTSD也有可能有类似症状，需要专业医生判断，但是可以给你一个直观感觉。同样抑郁症也有类似的量化表。不过再次声明，这种东西只能给你一个感受而已，确诊之类的还是需要专业人士。,1,2
不能让熟人认出你,赞同高赞回答的。去医院。当你觉得自己生病了的时候，（不管是生理上还是心理上），第一时间寻求医生的帮助。医生会告诉你你是不是生病了。不要害怕，只是生病而已。每个人，生理上心理上都是有问题的。只是当问题比较突出的时候，我们就生病了。就像我们本来体内火气就旺，吃了两包薯片之后就上火了一样。只是两包薯片的问题而已。只要看医生，吃点降火的药，就可以了。你列举的那10个问题，我也有的，只是比较轻而已。别人也有的，只是比较轻而已。你说的1，我只是不会说出来（因为我平时就寡言）而已。2，我跟你是一样的。3，我也只是不会说出口而已。4，我也是一样的。甚至我是每一次别人跟我说话我都会反应不过来。5，这个是完全一样的。6，我以前是每天都这样，现在是间歇性。7，我的记忆力也会比以前下降，但是因为我没有很在意，没有去测试跟以前相比下降的程度。8，比起你说的暴躁，我是完全冷淡。几乎是丧失感情。以前，我奶奶说起她们以前的说话我都会觉得很可怜，很心疼她，但现在完全没有感觉。包括看到一些新闻，朋友讲一些经历，我都完全无感。9，我试过四次自杀。我现在是三天两次的希望自己意外死亡。10，这个也是一样的。我最严重的一次厌食症，每天只吃早上一餐小笼包。至于你补充的11。我不知道我算不算被孤立。我从小学习就好，但有是个不良儿童，吸烟打架什么的。那些好学生因为我经常打架而不跟我玩，那些坏学生又因为我是“老师家长眼里的好孩子”而不跟我混。所以我几乎是被孤立了整整一个九年义务吧。我跟你，就差了两包薯片，是吧?去看医生吧。生病了就吃药就是了。还有两点去吃安眠药，或者褪黑素。一个好的睡眠可以帮助你很多。我以前都是两三点睡，六点起。后来高三开始吃褪黑素。十一点吃，十一点半睡着。主要是睡眠质量好了很多，可以感觉到的那种变好。而且睡眠好了，可以缓解白天的疲惫感。你也可以多运动，或者多做题，让你在晚上睡觉时，身体或者脑袋处于高度疲惫的状态，会更快入睡而且睡得更深。第二个，看一些专业的心理方面的书。更了解你自己和你的内心。人这一生为了什么而活？为了舒适，为了快乐。觉得自己生病了，不舒服，就看医生，吃药。想那些问题，迷茫，就不要想了。,1,0
挺萌的,医院。谁去看谁抑郁。沈阳的医科大学。是好医院吧。检查就是300元答很多题，好像七八套？得一两个小时才能答完吧。媳妇去答的，题我大概看了下，无非是，你有没有偶尔想自杀。偶尔感觉人生没意思，偶尔感到人生没目标。等等此类，根据你答的分数还分不同等级。什么轻度，中度，重度，还有非常严重，病历上会写，可能患有xx抑郁症。你想想。一个正规医院都只能写，可能患有，问题还都是偶尔有没有某个倾向，我想说现在的人，谁偶尔没有这些想法。所以说。现在的社会没有人不抑郁。也正是因为这点。谁去看谁都有病。抑郁药品那价格，只能说这是富贵病。而且是无底洞。一堆人说抑郁真的是病不是矫情。我想说。你就是矫情，抑郁谁都有。我经常会感到莫名的没有原因的心情低落。感觉脑子很空。还不是那种有事压着的不开心。就是偶尔空空的。心情低落。感觉人生没意义。没目标。其实我知道这是一种自我逃避的感觉。人的脑子说白了。有时候自己骗自己，自己可以给自己催眠。自己都信了。,1,12
蒂蒂吉吉,。,1,0
匿名用户,,7,5
匿名用户,其实有时候我也在想人为什么而活，好像没有什么值得，不过看到世间如此美好，郊外的野花，老人的笑脸，小孩的哭啼，一切都充满了烟火。。。。可以多出去走走，感受大自然，和朋友多聊天，多运动，非专业人士的回答,0,0
匿名用户,我不知道该怎么回答你的问题一句：我以尚且稚嫩的灵魂活出了迟暮之年的沧桑。我不敢夸大自己能和你等同抑或成为你的知音 看到这句话的时候我的心漏了一拍 我的心声 你完美的表达了我很难打出抑郁这两个字 我理解和爱惜抑郁症患者 可从来耻于以这样的身份自称 对 我可以温柔对待每一个人的低落和负能量 唯独对自己绝对的严格 不允许开口向任何一个人求助我的抑郁我也曾经怀疑过这个世界的存在到底有何意义特别偏执的想要得到存在的意义这样的答案很显然我做不到 我们都做不到 所以我陷入了无尽的自我怀疑和折磨 我自大又狂妄地认为我和那些只知道活着的人不一样 我懂的去思考生活背后的意义和世界运行的意义 可这些没有用 我就仿佛是两个世界夹缝里的人 上已无路 下又不甘 我只好孤独只好惶恐我不知道怎么判断别人有没有抑郁症 但你有 我确定我也是深夜想死想到饶破手腕的人 也曾经沉迷过自残 好像只有疼痛能让我清醒地认识到自己活着最严重的时候也曾像你一样麻木地坐卧行止 我现在只想能挺过来一天算一天吧很希望和你认识 将来你我谁走出来了就拉对方一把第一次写这么长的回答 谢谢在深夜遇见这个问题我才能如此诚恳又坦率,0,0
匿名用户,刚才正在看着吸猫视频，突然一种巨大的绝望和悲伤涌上来，特别想哭，就是没原因，我又在想我是不是抑郁症…今天特别想在肚子上割一刀，感觉割一刀会很快乐。以后的生活怎么办啊,0,0
宸墨,为了吃好吃的,0,0
古非,如果确定自己有抑郁症？先来看看这个几分钟的视频吧！也许你会有答案~抑郁症不是矫情，是可治愈的病！https://www.zhihu.com/video/1198981345059536896,0,0
匿名用户,人这一生到底为什么而活？我也想知道。日日夜夜我都在思考这个问题，可没有答案。或者说是，我，没有答案。别人为亲人而活，为情人而活，为朋友而活，为事业而活，为金钱而活，甚至为信仰而活。他们都有明确的目标，有自己要做的事。我很羡慕，因为我没有，什么都没有。我没有目标，也不知道该做些什么，更不知道该为什么而活。我也想要一个目标，什么都好，请别再让我这么痛苦下去了。,0,0
匿名用户,去正规医院找正规医生。别一天到晚瞎在网上找什么测试。这个问题很难吗？有病看医生不是常识吗？9012年了。,0,0
stary, 可能稍微有点偏 有抑郁症 或是倾向的人 几乎一句话就可以发现同类,0,2
匿名用户,因为我自身性格原因还有自己的外在条件，我一直都特自卑，但是不能说我抑郁吧，但是不那么开心是真的，压力也很大，对将来也没什么期待，有时候都想如果没有父母，自己可能就已经撑不下去了，也是因为父母，我的压力特别大，我现在总是逃避现实，每天晚上强制性地让自己熬夜，白天困得不行，就一直睡，然后晚上继续不睡，之后我觉得不行，于是我前一天虽然凌晨六点才睡，九点就醒了，但是晚上继续不睡，我都想去买点安眠药吃，每天都不想面对第二天的阳光，想着如果每个月为啥不都是三十一天，我不想面对很多事情，于是我选择逃避，我不认为我是抑郁，这是我自身性格的缺陷，懒惰而且自卑，是我所有行为的来源，但我想我会克服的，我要加油，我要早睡，耶！还有就是我每次生理期都特别脆弱，动不动就流泪，是实在憋不住那种流泪，回想起来，我都觉得自己很逗，但是我不会告诉身边的人哒，我自己都觉得很矫情，嘻嘻。,0,1
匿名用户,不知道提问者现在怎么样了，自己的经历和最近的感受和提问者几乎一样，甚至有了更多的困扰。想问一下有什么方法改善或者武汉有什么比较专业比较好的相关医院推荐吗。,0,5
陈海燕,去看这本书吧：我可能得抑郁症了！ (豆瓣)，一个抑郁症重度患者的半自传。你会有收获。,0,0
匿名用户,我想求助，希望可以帮帮我。我的妹妹得抑郁症了，今天晚上才发现。手上一个个口子。之前她有时候开心有时候难过，突然掉眼泪，我只以为她是因为学习压力大，才难受，然后开导她，跟她说不管学得怎么样，尽力就可以了。之后只能看出来表面上开心，但是脾气很奇怪，有时候开心有时候有突然心情不好，一言不发。可悲的是，这时候我还没想到是抑郁症……今天晚上，她突然心情不好，把自己关在房间里面，爸妈怎么说都不开门，然后发微信给爸爸，说自己心情不好，想安静一会，然后说自己抑郁症，还发了割手的照片，说自己这样很久了，是真的很累。我在外省上学，不在家里，然后打电话给她，说了一会话，问她为什么不开心，一直告诉她我会陪伴她到最后，不管学习怎么样，以后怎么样，我养她一辈子，照顾她一辈子，然后渐渐她告诉我自己心情不好的原因。我就想，既然她会告诉我，说明她相信我，我让她停学几天，来我的学校和我一起，我带她开开心心放松几天再回去。然后，后面的时候会再劝她去看看医生，吃点药。想问大家，我还有什么要做的，我要注意什么我好爱她，我不想失去她 。,0,1
匿名,我就来推荐一下b站很好的一个up主的一个科普视频吧，记住最后的一句话，如果你觉得自己有抑郁症，请一定到正规医院检查，去检查，去检查，不要没事装病，更不要装没事！！！如果真有患病，配合医生诊断，向信任的家人、朋友寻求帮助。加油！！！！！https://m.bilibili.com/video/av71811193?share_medium=android&amp;share_source=qq&amp;bbid=XYA73ABA6AA7F82CD7E8C9CAAD03FC0433CD4&amp;ts=1573299977112,0,0
捡钱小王子,我也是先去医院（比较大一点的医院）确认，医生给我做了测试以后确认重度抑郁，中度焦虑。开了两板百忧解。但是我上网查了一下，这种精神类药物有很强的依赖性，而且停药不当需要终身服用（我也不知道网上查的有没有危言耸听），所以我就赶紧托人看中医。我现在吃了二十天中药，心情确实比以前开朗一点，就是不那么丧了。很多时候，就是因为气郁体质引起的，所以建议先去医院确诊哈，然后对症治疗，中西医都可以，必要的时候心理辅导。我其实已经自己调节了一段时间，起码两三个月，但是没有用。我10.12去我们这边一个比较大的医院看病，确证是重度抑郁，当时感觉都崩溃了，我觉得我只是情绪不好，心情不好，怎么会抑郁症呢。。。然后越来越难过，真的，太不开心了。。。。不要怀疑自己有没有抑郁症，也不要网上查了测试题啥，直接去正规医院找医生看一下比较好。多出去散散心（其实我觉得没用，我当时心态还是很崩），找朋友谈心，我怕朋友用异样的眼光看我。我告诉我妈妈我的病，我妈特别担心，弄的我更焦虑。但是你总是要去面对的，逃避没有用。。。。抱抱。。。虽然很难，但是相信你可以客服它[赞][赞][赞][赞],0,0
xIanZiy,我不知道怎么确定抑郁症，觉得自己有好像，又觉得是自己在无病呻吟。说抑郁症会失眠，可是我好像是睡不够一直想睡，好像只能靠睡觉来洗刷不好的情绪，自杀是肯定想过啊，但是觉得想自杀的人多多了，挺恶心自己。又不想去看看医生，希望自己没有又希望自己有，自己揣测自己的心思又觉得自己恶心。希望自己没有抑郁症是想好好的开心的活着，希望自己有是给自己以后能早点s找个铺垫做个借口。到后面觉得年轻的时候找个漂亮的死法死了才是完美。三观也不正常了好像但一直没自杀，我怕疼，和和好多人想的希望有个意外，不要自己动手多好。可是我好像还有我妈妈啊，她现在对我挺好的，我觉得自己好像有点过分缺爱诶，想要好多好多人爱我，又觉得她们是在骗我，其实她们没那么在乎我我一点也不好，我怕妈妈觉得我不乖就不要我了。可我好像又做不到乖乖的，要是妈妈也不喜欢我了，应该也可以吧，至少下次情绪失控就不用考虑那么多了，可是我还是想要妈妈一直爱我呀自杀还是再等等吧，等我长大了，努力赚钱，留点积蓄给妈妈呀，最好妈妈和爸爸也离婚，这样妈妈就不用被欺负了，然后我再想想怎么悄悄的死掉吧,0,2
小沈,快去医院   越快越好  快去医院   越快越好    一定要去医院    我就是以为是小事后面一发不可收拾   强迫症焦虑症     给我的人生带来毁灭   去大医院检查    ,0,0
赖东东,还是去医院吧。最好还是去正规精神专科医院。因为我们对自己情绪的认知很片面，随着抑郁症被大众越来越普及，我们怀疑自己是否是抑郁症。但是我们不是专业医生。你要相信，专业医生一定比我们懂的多，更有经验。昨天去一家三甲精神专科医院看病，初步诊断是焦虑障碍和饮食障碍。还要做检测才知道最后结果。你看，以前一直怀疑自己抑郁。结果跟医生聊了几句，医生就知道是焦虑障碍。然后我回去一查资料，果然症状非常相似。我说为什么一直害怕呢。原来恐惧就是典型的表现。你看知道症状了，就好对症下药了。我可以多关注这个方面，告诉自己不可怕，是疾病发作了而已。不去医院前，根本不知道有个病叫焦虑障碍。楼主还是早日去寻求专业治疗吧。,0,0
匿名用户,陌生人你好，我觉得你的情况和我妹妹差不多，她也是诊断出抑郁症了，但是医生刚开始说几天就可以好，不严重，可是她之前没有诊断出来的时候都没有出现自残情况，（她是开学不去学校一直躲到柜子里哭闹我妈才带她去医院的，我爸爸一直在外地工作，我妈弄不了她把我爸爸叫回来才把她弄到医院去，等我爸爸走了之后她继续和我妈闹，然后我妈就把我也叫回来想让我劝一下她，她听说我和我爸爸国庆都要回家之后她就开始用小刀在手上喇道道儿，很浅的刀痕但是蛮多就在手上）我回家前两天晚上，她多喝了一个抑郁症的 大晚上我妈请人一起带她去医院看，说她紧张，然后我嫂子和她一起去的，她跟我嫂子说她和我没有感情，说我不疼她，（她第一次去医院诊断的时候她就和医生说父母不疼她，不关心她，说自己没有知心朋友）我想问问你，这样的话，我们家人应该怎么和她相处啊，她每天把自己关在屋子里不出门，不去上学，每天吃饭还是很正常的，睡觉到早上十点多起，我妈也不敢叫她都是趴窗户缝看一眼看一眼的，这要怎么相处啊？,0,1
chen小小小布丁a,如果你感觉自己或是身边的人持续性的情绪低落状态不佳，或是怀疑有抑郁的，听话去三甲医院的精神心理科！！去三甲医院的精神心理科！！去三甲医院的精神心理科！！挂专家或者主任号！！网上所谓的抑郁症测试只能起到帮助你判断了解近期的心理问题的作用，如果测试结果有抑郁倾向或是已经偏向抑郁症，一定要寻求正规渠道的帮助，去医院医生可以快速准确的从你近期症状以及躯体不适来诊断。蓝后就是坚持积极配合医生治疗，不要中途自行断药或停药。希望大家都可以和“开心”“快乐”做好朋友！可以离抑郁症远远的！！,0,0
Te Fuir,莫名心情不好，一天有无数次想死的念头，自残，自杀,0,0
水儿,请搜索知乎用户洪权，第一个就是他，私聊申请加他微信，可以很快解决抑郁问题。,0,0
匿名用户,      如果ta死了，自杀了，就是真的抑郁症！等我死了，他们就知道我是真的病了，不是不开朗，不是太脆弱，不是不坚强，毕竟死是很痛苦的，死前是很恐惧的，不坚强的人扛不住的。       死都不怕还怕活着？对啊，没有能让我卸下铠甲的东西，没有让我开心的东西，没有让我不痛的东西，没有让我活下去的理由，去死的理由倒是很多，不想为了别人而活着了，毕竟世界离了我不会停止转动，他们离了我不会死去，少了我这个麻烦，他们能活得更好！       我已经够讨好别人了，为了别人不受我情绪的影响，我已经够能装了，我其实随时随地都能哭出来，可是只有我自己知道啊！前一秒在笑，下一秒眼泪已经出来了，当别人出现在视线内，有换上了笑容……我活的太虚伪了！这么虚伪的人，让我觉得恶心！杀了这么恶心的人吧，ta是个废物，ta什么都不能做，只会添麻烦，所以去死吧！     死了，就是有病了！,0,1
LIUSHUJUE,在你自己觉得你是不是抑郁的那瞬间 其实十有八九已经是了,0,0
匿名用户,我最近经常问我自己：如果我提前知道我的人生是如何的度过，我还愿不愿意来到这个人间，我的回答是，我不愿意。偶然看到这个回答，本来我是很烦这种问题，因为现在还在治痘期间，我不能心情不好。。。但是我还是愿意分享（希望你们不要对我们过多的评价），以匿名的形式。爸爸在我高三那年2月份去世了（打下去世这两个字我的心都要碎了……）2016年爸爸因为肺癌开始住院，高二后半期我请了半个月的假到医院陪伴他，怎么说他这个人，脾气大，爱抽烟喝酒（而且是白酒）经常喝醉会因为一点点小事打我们姐妹，妈妈有时候也会被他打。但是他不喝酒的时候人偶尔也是会幽默的。本来我们家在老家做着小本生意，后来做的人多了，就做不下去。我爸爸就没有工作了，我妈在我初中的时候就被迫出去打工了。此后我一直和我爸爸住在一起，早上我也习惯了他问我吃面还是吃米粉。有时候我会很任性的跟他说我想吃包子，但是他有时候不会给我钱我就等妈妈回来了给我钱，有时候他也会很无奈似的给我。高中我换了一个地方读书，可能一个星期回一次，我总是提前几天就开始跟爸爸念叨我要回去，因为我是家里最小的，其他姐姐哥哥出去工作了，家里就爸爸一个人住，我怕他寂寞，所以几乎每个星期都回。到了要回学校的时候，爸爸就会在门口等我上车，每星期几乎都是如此。虽然平常也会跟他顶嘴，但是我们都习惯了这种模式，最近几年他几乎没有打过我，因为他身体渐渐有点不好，他就尝试戒酒了。医生也叫他不要喝酒，肺出现阴影了。可是后来他去我姑姑那里玩，喝了酒，没多久我记得好像是在家里咳血了。妈妈带他到医院检查，确诊了，告诉他的时候我们坐着哭了，爸爸说他一夜没有睡，有点责怪我们为什么不早告诉他这么严重。后来又换了一个比较大的医院，医生问要不要做化疗，我们商量了很久，加上我们钱困难，爸爸和我们都担心做了化疗会更严重，就否决了这个方案。后来就回家在一个镇里面的医院办理住院手续了，那时候将近寒假了，我和我哥哥就在医院陪着他。我妈妈因为她自己身体也不好所以就没有在医院住着陪我爸，但是她天天都会来，在家里煮了有营养的食物带过来。我印象比较深刻的，有一天晚上外面挺冷的，从来不会主动说要吃水果的爸爸说他想吃橙子，我赶紧跑出去给他买，我那时候是开心的呀，好像这水果能救他……我时常跟他讲：爸，我上大学的时候你要送我哦。他说好。坐在病房里，偶尔外面会传来哭泣的声音，我知道外面发生了什么，但是我好想知道爸爸是怎么想的，是不是很恐惧，我好后悔当时没有多安慰他。2017年2月18号下午，爸爸难受的不行，我们都不知道该怎么办，只好赶紧叫医生，我看到爸爸做出拿刀戳自己的姿势，他太疼了，可是我没有办法……后来医生来了，没多久他镇静了下来睡着了，没多久妈妈也来了，直到晚上七点多医生来抢救，他们摇摇说不行了，我真的好后悔当时没有跪下来求他们再救救他。就这样爸爸永远的闭上了他的眼睛，我们坐在病房在哭了好久，我突然好怕回家，我好怕听到她们的讨论声：谁去世了，哦，就那家。如今两年多过去了，可是我几乎每天，每天都会想到爸爸。我不知道该如何走出来，她们都不知道我的内心。因为在她们的心中我一直是一个很开朗很沙雕的人，可是其实有时候我是很痛苦的。想到以后的几十年爸爸都不会在我身边。有时候也会拼命告诉自己我还有妈妈，要好好珍惜妈妈，不要老是执拗于过去。可是，爸爸就是不在了。每次如果生日不在家里的早上，爸爸都会早早打电话给我：今天你生日哦，自己买点鸡蛋吃。再更。,0,2
匿名用户,身边很多同事朋友上知乎。匿了。确诊中度抑郁症+焦虑症已经三年多了，服药也是三年多，现在焦虑症已基本治愈，抑郁症好转很多，平时看不出来，正常工作生活，身边也很少有人知道。说一下确诊过程吧，我的经历是从小睡眠不好，长达二十多年，几乎没有深睡眠。先是近几年频繁头晕眼花，天旋地转，恶心呕吐，性格方面脾气暴躁，点火就着，先是怀疑脑血管问题，去部队综合医院心脑血管科做CT，后核磁显示脑血管狭窄，毛细管硬化，脑缺血严重，又转到神经内科诊治，做神经测试若干，确诊焦虑症+抑郁症。然后又去中国某医科大心理科做各种测试，又到某大型专科医院看专家，三家比较专业的医院诊断都一样，后斟酌对比在第一家医院开始服药治疗。我属于器质性病变导致的神经病变，抑郁和焦虑属于副产品，而且通过服药，感觉慢慢好转，心态上一直都还可以，最严重的时候，就是感觉队任何事任何人都没有兴趣，什么都不想做，回到家就盯着棚顶的白墙躺着，思维维持在一条干巴巴的直线，持续好几个小时，有时候一整天都不想吃任何东西，极度懒惰。但是在单位，该完成的工作也不会耽误，只是拖延相当严重，可能和我多年严格的自律有很大关系吧，所以身边的人并不会觉得有什么异常。没有过自杀等念头。但是会经常觉得活着没什么劲头，但是也不想死，觉得死也挺没劲头。就是仿佛静止那般的存在着。现在好多了。这三年加强了读书，运动，跑步坚持三年多了，游泳两年多，睡眠也好多了。,0,0
陈小相,《我战胜了抑郁症》书中举了10个不同抑郁症人物对抗抑郁症的全过程，在这里不做详述，有兴趣可以看一下这本书。以下只做基本总结，希望可以有所帮助。抑郁症区分:这里有一些迹象，大家可以看看自己有没有出现这样的状况：☆自我评价或者自我价值感下降。☆睡眠模式改变，例如失眠或者睡眠断断续续。☆食欲或者体重的改变。☆情绪控制能力降低，易怒或者产生罪恶感，又或者容易陷入悲观、愤怒、焦虑之中。☆一天之内，情绪变化多端，比如说早上起来的时候，心情最恶劣，随着时间的推移，慢慢有所好转。☆体验愉悦感能力的下降——无法欣赏和享受眼前的快乐，对于将来没有任何期盼。对各种业余爱好，以及能带来快乐的事物，都失去了兴趣。崔永元当时讲，他说得抑郁症的感觉，就好像一个人在一条黑色的隧道里走路。这种感觉很多抑郁症患者都描述过，就是觉得在里面你根本看不到前面有什么东西，这就非常严重了。☆对痛苦的承受力降低——对生理疼痛和心理痛苦的忍耐力下降，对疾病的抵抗力下降，甚至可能因此患上新的疾病。☆注意力很难集中，记忆力衰退，有的时候会让人误以为是痴呆的程度。区分抑郁症和焦虑:抑郁症和焦虑症的患者，最重要的区别在于抑郁症的人想死，焦虑症的人怕死。你判断一个人是抑郁还是焦虑，你就要看他有没有生活的欲望。不想活了，走到窗边就老想往上凑的，就是抑郁。如果他整天担心、害怕、发脾气，只是为了害怕自己受伤、害怕死亡，那么这就是焦虑。①十一种最有效的疗法，并按照其所起作用的大小排列如下：第一个是锻炼身体。第二个是拥有家人和朋友的支持。第三个是接受心理咨询和治疗，这是被证明有效的方法。第四个是从事有意义且令人满足的工作。第五个是进行放松和冥想，这个是一定有效的。第六个是保持充足的营养。第七个是远离酒精和毒品。第八个是服用处方药。服用处方药是被证明有效的方法。第九个是参加互助小组。第十个是拥有宗教和精神信仰。最后一个是投身慈善事业。②以上十一个方法是被证明有效的方法，可以再浓缩成五个主题：第一个是情感支持或者同情。家人的同情，圈子的同情，工作上的同情，以及互助小组的同情。第二个是心理治疗。吃药、住院、找医生咨询都是专业的方法。第三个是养生之道。别喝酒、别吸毒，锻炼身体，吃得营养、健康，按时睡觉。第四个是有意义的工作。不要干一些自己特别不爱干的事。跟生命比起来，一份让你不开心的工作，所赚的薪水没有那么重要。第五个就是处方药。③书里有一个抑郁症患者自愈的疗法，叫作CARE，每个字母代表着一个行动。C是compassion——同情与情感支持。你可以告诉别人，我怀疑自己有抑郁症，我现在经常睡不着觉，还会经常难过，看到一些莫名其妙的事都会哭。你要告诉大家，然后去寻找别人的同情与情感支持。A是accessing，就是接触健康精神领域的优秀专家。你得去求医问药，去找专业的咨询。R是revitalizing，你需要寻找一份能够给你带来新生的工作。但是，有人说他不能辞职，他的工作还挺重要的，那就用业余时间找一份能够带来新生的工作。E是exercising，就是加强日常锻炼，这是可以长期做的一件事。总体来讲，抑郁症不是一个不可战胜的东西。不要让抑郁症患者觉得他们是孤独的。世界卫生组织已经提出，到2020年，抑郁症将成为世界第二大致残疾病，我们都有可能会被牵扯其中。我相信题主可以走出抑郁的阴霾，我们共同迎接愉快的阳光。有时候我一个人走在熟悉又陌生的城市里，拖拽着疲惫不堪的身体，心中无比落寞难过，不知道不停歇的人生里努力拼搏是为了什么，觉得这个诺大的世界竟然容不下我这个孤独的内心，我想到死了可能就一了白了吧。当我回到家，吹着空调，吃点夜宵，看个娱乐节目，我发觉，我真是个煞笔，明明这么幸福，竟然还觉得孤独，竟然还想到去死。其实睡一觉，第二天醒来，还能看到冉冉升起的太阳，还能感受到阳光照在脸上的温热，我就会感叹活着真好，还活着真好。如果要说人活着的意义，就是要你自己去感受生活的平庸困苦，人情冷暖，然后笑着，活下去吧!,0,0
Iruka,“你知道吗，其实我有抑郁症。”“唉~唉~烦死了~”“啊——我死了得了”“烦↘↗死了↗”“我是精神病~~~”以上绝对是假的抑郁症。别问我怎么知道的,0,0
jeidbauka,其实每个人活着都不容易啦我这段时间也过得不好，总是莫名其妙地烦躁，看见朋友考得比自己好就心里很难受，和家人之间的关系也越来越差，说到底自己也有些无理取闹，可情绪上来了就管不住，总是把事情往坏了想，虽然我天生就是一个悲观的现实主义者，但这个我的父母没有关系，他们都是乐天派！好……好像跑题了回归正题，真心建议你去医院看一下哦！不排除抑郁症的可能，也希望你可以好好地学习，开心快乐地生活！,0,0
风中鬼影,你不是抑郁症，但是该吃药了。身体不舒服就该到医院看看。个人建议，有条件的话抽两口烟放松放松，尽量不要让他人吸二手烟。,0,0
匿名用户,"我哥好像抑郁了。我好害怕,害怕他会出什么事。我哥是个很聪明的人,是那种休学了三个月还能考上一个蛮可以的大学的人。他跟我嫂子,还没结婚,打算今年结婚的。高中的时候就在一起了,算算已经有六七年了。我一直觉得我哥是个很优秀的人,因为不管是家里亲戚还是身边的人没有不夸他的,夸他孝顺,夸他有能力,夸他会说话,好像所有美好的词放在他身上都不为过。可是就是这样的一个人今天却吓到我了。今天我嫂子给我打电话说让我给我哥打电话。说她俩因为一点小事吵架了,但是我哥却在家里撒泼打滚发脾气摔东西,最后走了给我嫂子发微信说再见,让她代我哥给我爸妈说句再见之类的。我听到这都吓懵了,第一反应就是这不是我哥,我哥不是会做出这种事的人,夜晚我给我嫂子打电话我嫂子告诉我从过完年到现在我哥没找过工作。他之前是在深圳一家教育机构当老师,薪资待遇啥的挺好的,领导也挺赏识他的。但是由于一些其他原因他得去另一个地方。但是这个地方待遇什么的可能不及之前,他不太满意,就一直没找工作还是怎么的,反正就是一直没在工作,在家里待着。也不出门什么的。我嫂子说这种情况已经不是第一次了,不吵架还好,一超级就撒泼打滚揪自己头发,要自残要自杀。我们觉得是他受不了现在这种落差可能有点抑郁,想带他去看看心理医生,但怕刺激到他,反而会起反作用,但是又怕会出什么事。现在真的不知道该怎么办了,我好害怕啊,怎么办啊。我想为他做点什么,我知道他肯定也不想这样,肯定也在煎熬着,可是我什么都做不了,我真的怕他会出什么事",0,0
山草,19年5月24日上个学期有个周六，翘了雅思课，在宿舍跟网友打了一下午游戏，玩到大概下午四点结束，那时候室友都不在，我突然开始大声哭起来。我觉得我为什么会翘掉雅思去打游戏，我是脑子有问题吗？那时候我就觉得，我好像不行了，我好像是有问题的。之后心情也是持续好好坏坏，但是什么事情都没做成，我开始觉得我不行，我什么都做不了。以前轻轻松松能够搞定的活动策划，有趣又周全，现在绞尽脑汁思考一下午，也是被自己的思维阻塞，什么都想不出来。上课的时候，老师讲课，任他讲，我不想听。作业的时候，不想做，随便生活变得怎么样吧，好像没有太大的差别，跟我有什么关系呢。最近一个月体重暴涨了10斤，看着减肥成功的室友，也是再没有一点点触动。上个月还有一周会晚上在宿舍做深蹲，然后出门慢跑，现在也没了。前天晚上在宿舍洗澡，一边洗一边哭，哭的时候想的都是，为什么我这么糟，为什么我会变成这样，为什么我救不了自己，有人能来救救我吗？昨天早上起床后，头就一直很痛，和小伙伴去图书馆讨论作业，全程我都在葛优躺，有气无力的说话，好像被抽干了所有力气，只靠着一点点意志力活着。昨天下午也是，去做事，最近要办一个很烦的活动，各种需要沟通安排，我好累，我不想再做这个，可是不得不做，我觉得生活已经把我压扁了。那个活动又出了一点状况的时候，我看着微信的聊天界面，突然很委屈，眼泪就开始往外涌出来，吓坏了一旁的两个人。我想不明白为什么事情不能顺利的往前发展，为什么在我这么难过的时候所有的事情都要来找上我。我想要休学，我想回家待一年，我想把这些事情想明白。我现在不想做作业，不想健身，不想控制自己，不想学习，我知道自己这样会越来越糟。我有时候怀疑是我太懒，可是我早上六点起床坐在桌子前的时候，我也没有力气打开电脑，开始工作。也许我休息一年，会让自己回到正轨，变回原来那个积极向上，多做事少抱怨，想要自己变好的小姑娘。昨天和喜欢的男孩子出门吃了烧烤，借着喝了杯啤酒，对着那男孩子骂他万恶的前女友，骂完觉得好受多了。今天头不痛了。我喜欢他，但是他很优秀，我觉得现在的我很糟糕，没有一点胜算，我不敢告诉他。我约了学校的心理中心，下周三去做心理咨询，我想去问问，我还有没有救，我还能不能，做到一些事情。,0,0
asion,我上学的时候三人一桌，我坐中间。左女右男，上课三个人无比话痨巨能讲，和常人无异，甚至很开朗。毕业两年，男生抑郁症浴室燃煤自杀，听他父母说他初中就有抑郁症，一直药物控制。过了一段时间，和女生聊天聊起此事，女生并不惊讶，跟我说她也很早就有抑郁症，刚从医院开完药出来，还给我发了照片。哇，当了这么久同学居然没发现任何异常。可能我神经大条?,0,0
匿名用户,我不知道自己算不算抑郁。因为我好像没有生理反应，只有心理反应，包括持续时间10年+的心情抑郁，对大部分事物都不感兴趣，亲情的淡漠，自杀准备（购买自杀物品），可能也有恐惧感的淡漠。有时候会在人多的地方，无法呼吸，胸口发闷（但是这种症状很少出现）。其他的生理反应包括情绪崩溃，无原因的哭泣，失眠，大范围的体重变化，自残都没有。。还有，我可能是个恋童癖所以对成年人之间的性一点兴趣都没有。。。。不知道这算不算抑郁症,0,0
块儿八角,去三甲医院检查我本人就是中重度抑郁症我浑浑噩噩自己去了医院做了三个测试，三百多道题目医生很忙，只会问问你的情况开药药的副作用很大，至今没吃医生阿姨很温柔的看我问了一句你才19岁？对啊我才19后来心结解开了一点感觉三月份是一个很难过的时间段四月五月六月都会好一点你相信熬过去就会更好但其实每一天醒来想不过是又一天我活着，不过是其他人想要我活着那就活着吧万一呢,0,0
匿名用户,差不多十点整的时候 我的脑子告诉我 我困了 但是翻来覆去睡不着 感觉胸口闷闷的 有一种很难受的感觉 于是我又打开了手机 发现已经过去十五分钟了 按照习惯打开了知乎 无意中看到了这个问题的最高赞回答 刚看完第一点感觉和我的情况有些符合 又点开了问题下楼主的情况介绍 看着看着就哭了 回过神的时候想返回去看最高赞的回答 发现眼睛有点睁不开 原来是哭肿了 其实我无法消化自己的负面情绪已经断断续续持续两年了 每次这种情绪产生的时候 都会失眠到凌晨五六点 然后一直流眼泪 就是控制不住的流眼泪 因为没人可以说心里话 每次都在手机上打字 说出自己的心里话  (我空间发了一条仅自己可见的说说 每次有这种情绪的时候就在评论里打出来 现在翻那条说说的评论 就像个树洞一样) 在这期间我想过自杀 想过看心理医生 或者去医院检查 但是一直没有行动 直到看完最高赞的回答 我突然觉得 有必要去一趟医院了 不管是不是抑郁症 都给自己一个痛快 虽然我的回答只是说出了自己的感受没有对楼主有帮助 但是这个回答我应该不会删 当写了篇日记放着吧其实在第一次产生这种负面情绪的时候 我在百度做过一个抑郁症的测试 出了结果以后和当时比较要好的朋友说了以后 她对我说了一句话 “还不都是你自己想出来的”虽然我不知道这个测试的准确度到底有多少 但是后来我再也没有和任何人提起过这件事 也没有去医院什么的 都憋在自己的心里 记在仅自己可见的说说评论下现在回去找截图 发现 正好离当时的测试结果两年零一天了呢————————上完厕所回来查了一下当地适合检查的医院及费用 要一千上下… 我还在上学 生活费全靠父母一个月也就一千来块钱 不想让家人知道这件事 最终还是决定 先不去医院了 怎么这么让人难过呢哈哈哈,0,3
匿名用户,一个月前，我在本市精神卫生中心确诊轻度抑郁和重度焦虑，情况和你一模一样，甚至还严重一点。工作性质的原因，压力非常大，一直想不明白活着的意义，陷入自己的死循环，状态超差。确诊后果断辞职，回家呆了一段时间，按时吃药，按时睡觉，现在偶尔有消极想法，但都会想还是想要活着。后来看到别人说活着就是为了体验感，觉得很有道理，希望能帮到你。,0,0
席晓慧,“抑郁”是现在人人在说的词，每个人体验到抑郁情绪的方式也不一样。但是大多数人不能很好的区分是抑郁情绪还是抑郁症，抑郁情绪可以通过心理疏导，心理咨询进行缓解，而确诊抑郁症则必须进行药物治疗。下面我们需要知道如何识别抑郁情绪。识别抑郁情绪对我们来说十分重要心理学家Preston Ni总结出了患抑郁情绪的人往往会有8个消极想法，来帮助我们识别抑郁，现在和灵即一起来了解这些消极想法1. 自我挫败式谈话自我挫败式谈话常常是对自己传递消极消息，导致自信心减低，表现力锐减。消极的自我认知是抑郁的根源，而自我挫败的思维则是造成消极的主要原因。它通过不断否定自己成功做某件事成功的可能性，是的行动畏手畏脚，不尽人意或者直接放弃行动，然后又反过来强化自我的不认可。比如说，我这么差劲，你为什么要和我在一起，因为自我否定和朋友产生的不愉快又反过来肯定了自身的失败。常见的自我挫败式谈话有如下几种：“我做不到… …”“我还不够优秀… …”“我没有信心… …”2. 消极假设心理学中有一个著名的假设：一个装有一半水的杯子，你会觉得它是半空的，还是半满的？对方的答案能够在某种程度上反映出乐观还是悲观——“你希望它是什么样，它就是什么样”。消极的人常常觉得杯子是半空的。消极的人会把交通拥挤、下雨天或者等等都视为消极的经历，但实际上这些本就无消极积极可言，只是他们根据情景自己赋予她们消极的意义。对这些事件的评价，取决于你考虑问题的方式。3. 与他人进行消极比较我们总会忍不住与那些有魅力、有作为或社交网络粉丝更多的人进行比较，这是人之常情；但是对于消极的人，更容易感到嫉妒，觉得自己处处都不如别人。他们常常喜欢贬低自己，和他人进行不恰当的比较。研究发现，习惯性进行消极的社会比较，会给人们带来更大的压力、焦虑和沮丧，并且做出自暴自弃的选择。4. 消极地沉湎于过去抑郁的人们喜欢沉湎于过去的记忆里，对于未来则毫无期待5. 对难缠的人，感到丧气和自卑大多数人在生活中都会遇上一些难缠的人——喜怒无常的领导、较真的客户，都会给生活和工作带来多多少少的困扰。区别则在于你看待他们及与这些人交往的方式。抑郁情绪的人面对给生活带来困扰的人更没有容忍度，他们会把自己当做受害者，减低信心，不断的自我弱化。6. 指责别人抑郁情绪的人更容易指责自己，喜欢让别人对自己的不幸买单。他们不快乐却把原因归责到别人身上，比如：父母能力不足，身体欠佳，人际消极等等。成为受害者，通过相互指责，为生活中不满找理由。7. 难以原谅自己每个人都会犯错，回首过去时，总会有让你后悔的决定，给自己或他人造成伤害的时候。乐观的人们会放下包袱前行，抑郁的人们则总是因为犯下的错、造成的伤害、错失的机遇而责怪自己，认为自己是一个“坏人”或者“有瑕疵的人”，陷入深深的自我厌弃之中。8. 害怕失败和犯错抑郁症的高发人群往往是完美主义者，或者至少在某些方面是完美主义者，他们惧怕失败和犯错，总觉得某些方面不够优秀，因而给自己施加了过多的压力。许多研究表明，完美主义和不快乐之间有着必然联系。事实是，尽管我们常常很努力，但也不可能时时事事做到完美——这时，完美主义者就开始焦虑了。如果你拥有上面的某种情绪，你可以通过改变自己看待事物的方式，对未来的方式，或者是不再沉溺过去的情景来改变自己，如果你上面的情绪几乎拥有，灵即提醒你，你需要寻求专业的心理医生帮助。情况严重时候，还需要寻求药物的帮助。,0,0
勇往直前,楼主你好，其实你将你自己的心理问题很直白的清晰的写出来，我觉得这就是一种很大的勇气和很强的表达能力！要换做是我，我根本就做不到你这么一点，在我看来，你是众人之中非常非常优秀的。我来谈一谈，我自己对抑郁症的理解吧，我是一名癌症晚期的患者。现在接受医院的常规标准化治疗，已经有一年多了，目前疾病依然有所进展！当被确诊为癌症时，我的脑子是不敢相信的，因为我才22岁，大学刚毕业，就和你是同龄人吧！所以说你的一些感受，我多多少少也能体会一些，当时经历了这么大的巨变之后，我整个人都懵了，因为我完全不相信，我的生命即将结束，我原本是一个很开心，很开朗的人，但通过疾病后我发现，我每天都不开心，每天都不想与人交流，把自己封闭在自己的世界里面，经过了长达半年之久。后来是医院的护士小姐姐，因为他是学心理学的，她观察到我的这一种状态后，她积极主动的和我交流，告诉我很多，她自己的感受。她说其实疾病并不可怕，就算你明天将离开这个世界，那么你同样可以活好你今天的每一天，她给我讲那个美国动画，她说你就算离开了这个世界，那么，所喜爱你的人依然会记得你，从某种程度上来说，你仍然活在世界上，当时我听了他这个话后，觉得很很无语，后来想想也确实是这个样子的，我们每个人活在这个世界上，都有每个人的意义，正如一个伟大的哲学家曾经说过，存在即合理，既然老天爷让我们来到这个世界上，就有我们存在的价值和意义，貌似我说的这些，好像没有回答你的问题。其实我是这样想的，对于交流来说。只有聊天式的交流效果才会更好，像这种问答式的交流来说，可能有所局限性，因为我不太清楚你那边是处于什么环境，出于什么心理，因为我也不是学这方面的，我只是我自己的个人的一点感悟而已。不过，我要对你敢勇敢的表达自己内心的感受，去寻求大众的帮助的这种精神，点赞！,0,1
匿名用户,有病看大夫…不要问网友,0,0
怪人多半丑,我也不知道什么抑郁症我知道我为了什么而活我父母在我身上投入了太多的东西，我就这么走了对他们不负责任，如果没有他们我可能就会毫无负担的走吧我也没什么朋友没什么感情纠葛，唯一对不起的是父母的含辛茹苦,0,0
匿名用户,建议查一查躁郁症。至于一个人为什么而活，建议读一读史铁生，我与地坛。,0,0
半颗大胖萝卜,少年呐你的人生还很长，但愿你能慢慢的走出来吧。关于为什么而活其实我自己也很迷茫，但一想到明天想点什么外卖啊，喜欢的漫画等了一周要更新了啊，参加的比赛因为努力准备了而得奖了啊，包括现在我失眠到凌晨三点放弃挣扎转而刷知乎是因为想到了暑期打工的具体规划可行分析而兴奋到睡不着…这些都是可以期盼的事啊~不过我看你的症状好像蛮严重的，不愿意让家里人知道的话先去找找学校的心理医生吧，我记得我高中学校有免费的心理咨询搞得我三两天老往她那跑为了高考压力为了失眠问题，虽然没咋解决但有个发泄渠道总是好的，向外求助并不可耻。最后，祝你能早日走出来有个很开心的未来~,0,0
YUn,去医院吧，厦门有精神科的医院还不错,0,0
李顾许,回答最后一句：追求活着的意义的意义是什么呢？活着本身就是意义。祝愿陌生的你能够开心，就好。,0,0
匿名用户,害怕。。我的舍友今天告诉我她有轻度抑郁，我也不知道该怎么办了,0,0
liiiza,"     哈哈我既然可以看见也有这个遭遇和同样感觉的人，觉得自己突然有了归属感？有抑郁症倾向的人待在一起倾述会不会开朗点鸭？。。。     觉得自己最近也是抑郁地对周围的人也一个也不想多接触，眼神无光，对别人微笑都是挤出来的，好累啊……额，生活好没希望，生活好痛苦。。。求助对我来说真的太困难啦，我讨厌别人看我，我会一直想象别人的脑袋在想啥，我常常觉得自己脑子有病很想电击自己清醒一点；昨晚梦见关于校园杀人事件的梦辽？我觉得自己心里好变态。。每次有欲望想和别人交流的时候脑子里总是蹦出性交配的脑回路？然后我就止步了，好像他已经在我的脑袋里交流过了哈哈 。WTF,我是精神分裂叭，我这一天状态亢奋积极一天又痛苦消沉，一个兴奋的极端，一个沉迷的低谷，一天想杀人，一天又希望别人杀我，每隔一天就是正负的极端。别人一笑我就莫名其妙哭着掉眼泪，开心的气氛围绕着我却丝毫感受不到快乐？我觉得我无法控制我的脑袋中意识，它总是喜欢蹦出让我痛苦的破烂玩意，太恶心了。可我依然要坦然地拥抱它呢。 什么毛病",0,1
勇辉,如何联系上一位失联多年的朋友,0,0
不知道,当然是就医！三甲我也去问过几家，只有一个精神科…。最好是专业的精神科医院吧，里面的医生很专业。我曾在两家医院做过检查，一个二甲医院一个三甲医院，但是…二甲医院的仪器很棒[思考]脑递质激素之类的都会查的明明白白，那家三甲医院呢只是咨询做做题…很容易误判，感觉就好像你去做检查了肯定会是确诊抑郁证那种。二甲的那套设备做检查好贵贵，出来的数据也很符合症状。,0,2
匿名用户,自己是判断不出来的，身边的朋友也没用。必须去正规医院医院，挂医学心理科的号，做专业的测试。这是个人经验。,0,0
黄先生,我已经吃了两年文拉法辛了,0,0
匿名用户,如果你犹犹豫豫一直在关注抑郁话题或者自我怀疑抑郁且知乎常给你推荐抑郁类似问题别看了去医院做个检查吧,0,7
匿名用户,前文的形容我还是建议你去医院看看。对我而言，吃不吃药暂且不论，至少确认了是不是真的有问题，能够解决一件记挂的事。对于最后一个问题，我思考过很多很多次，也查阅过很多人的说法，那些对我而言都太积极乐观了。我目前的答案是，根本没有意义。我认为原因在于人类是动物，动物是有活下去的本能的。恐惧，规避危险之类的不是再常见不过了吗？当然有人会有超越这个本能的时刻。我希望你不会付出行动,0,0
匿名用户,  我真的好烦好烦躁，我有一个女同学，她说她有抑郁症，在之前，我看到她基本上过段时间就会在朋友圈，扣扣上各种说自己有抑郁症，也有过轻生的念头，从朋友圈里知道的，她大概做过三次傻事吧，其中有两次是吃很多很多药，第一次吃完以后去医院洗胃，接着第二天发朋友圈劝我们不要嗑药，说是洗胃特别难受，第二次就是在前几天，她发了朋友圈，说再见了，什么的，也发了抖音说对不起，她还是选择了这条路什么的，再接着就和别人发消息说她要离开了，希望他唱陈奕迅的《好久不见》，甚至半夜打语音电话给我，，叫我看她的朋友圈，我真的吓到了，沉默了挺久，具体说了什么我也忘了。事隔一个月后，我突然点开了草稿箱，继续编辑吧。她第三次轻生，是在第二次的不久之后，她在朋友圈和抖音，对了！情人节那天！很多人都在秀恩爱，她就说她秀前男友没毛病吧？接下来又发了她前男友删了她之后，她一直碎碎叨叨却发不出去的话，后来就照了一些药，发在朋友圈，配文字：对不起，我还是走上了这条路什么的，抖音上也看到了，我想了想，还是写了一大篇文字给她，反正也是絮絮叨叨的。,0,0
匿名用户,亲爱的，千万别觉得那些孤立算什么，那叫什么事啊！你到25岁时候看看当时，你就觉得那些都是傻逼，你干嘛对傻逼的任何话，不管有道理也好没道理也好那么认真！我碰到真正牛逼的人家指出你的问题从来没有那么尖锐，你只要认真学习，把该干的事情好好做好，到时候谁都战胜不了你！,0,0
幺鸡,除了抑郁你还有幻觉和突然暴怒的表现，应该不止是抑郁那么简单，双相情感障碍的躁狂相、精神分裂都会有躁狂症状，还有其他很多可能。我虽然不是有行医执照的心理医生，好歹也学了四年心理学。我觉得你有必要去医院。,0,0
匿名用户,先人为什么活着？我也迷茫过，但是既然都活着了当然要选择去好好的热爱生活啊，很多迷茫的事情都是在生活的经历中和学习中去明白的，很多人都有这样的一个迷茫期，不要觉得自己是个异类，多去看看人间的美好，然后对于身体上的不舒服，失眠，情绪差，记忆不好了这些问题应该尽快去就诊检查。多看看正能量多运动，一定会有所不一样的！珍惜青春时光，努力做一个阳光少年多棒呀！,0,0
一介凡人,不仅是内心郁暗的人有抑郁症，就算看起来很积极的人也可能有。就是所谓的阳光型抑郁症。比如走饭。,0,1
Anticipate,去医院看看啦，医生又没有什么大不了的长大和看破红尘的第一步是敢于示弱哦活着为了什么，活着大概是为了看看这世界到底和自己想象中的一样不一样吧，这个判断题不能懵的，每个人的标准答案都不一样，只有做好这个判断题的人，才可以说自己已经看破红尘啦,0,0
匿名用户,我或许不是抑郁症。如果哪天，我真的抑郁了，我不会让任何人知道。抑郁症，对我，是个笑话。不能让人知道的笑话。藏起来吧，藏起来，看上去会很酷。我会好好控制自己的情绪。好好生活，。,0,0
卜偌,那种感觉就是一个人在和世界对抗，没有精神支柱，没有信仰，无助，感觉所有的人都不喜欢你，即使你并没有做错什么,0,1
天然呆,给你三句话吧这世间，除了生死，还有什么是有意义的呢人之一世，本无意义，与其思考人生意义何在，不如去赋予它你想要的意义世间本无对错，只是思想使然。这个世界，并不是大多数人是对的，而是大多数人认为是对的东西他便是对的。最后祝你余生安好，如果快乐很难，那我祝你平安。,0,0
知道你需要个夏天,对于抑郁症个人建议：如果只是轻度抑郁可以去三甲医院的精神科咨询吃药，严重一点一定要去精神卫生中心，专科医院比较有针对性的。因为家里有人患有抑郁症，最近病发季比较严重，前几天我还专门跑了一趟让她住院去了。一旦比较严重一点的情况，建议住院比较安全，在外的独处对于他本人是具有危险性的。医院有专业的治疗措施，住10天半个月一个月的，能够缓解并发症。后期靠吃药，是可以控制病情的。,0,0
fttz,如果想确认一个人是否有抑郁症，就去医院看医生，剩下的部分听医生的专业指导。,0,0
匿名用户,任何出现精神情绪上的痛苦基本来自对自身和周围认知的偏差。楼主多自我审视情绪痛苦的来源。对一些与自身现状相悖的外来信息概念，宁愿否定他们，也不要轻易否定自己。祝好。,0,0
匿名用户,唉。首先可以确定的是题主一定是出现了一些问题的，但这个问题究竟是什么，我不敢妄言。可我想题主你应该自己有一些判断。其次是，题主不敢向父母寻求帮助。关于这一点我要跟题主讲一讲我的经历。我在高中时也出现了和题主一样的状况。比如说走着路会很想睡觉，一秒钟都坚持不下去，好像随时就会睡倒在路边。还比如有一天晚自习，好好的在看书，突然一下子没有任何预兆的，我就陷入了一个奇怪的境界里——我突然感觉这一切好陌生，不知道身在何处，也不知道自己是谁，看着同学和老师，觉得他们离我好远，也不知道他们在做什么，不知道我们这一群人为什么在这里。还出现了幻听，幻觉。没有办法看书，每一个字都认识，但就是不知道到底什么意思。还会头痛，痛到去撞墙，撞到脑子里嗡嗡响。有时候精神实在痛苦，就会以肉体的痛苦来解救，最严重的时候手腕上有三十多条伤。还经历过暴食，一周胖了十斤。还有很多。那时候，我对自己也有一个判断，而且我知道问题的根本所在。我不想这样下去，于是我在犹豫了很久以后告诉了我的父母。他们其实对我的情况也有一定了解，比如我在家会哭，会尖叫，会撞墙，母亲还说我夜里睡着都会大哭（我并不知道）。我记得当时我是哭着向父母说的，那时候我的记忆力，逻辑思维能力完全差到爆，说不到两句话就开始头痛，我一边说一边哭，一边往后猛撞墙。我心惊胆战地说出，我要去看心理医生。父母说，好，两周后就去，然后我们还拥抱了彼此。“有救了！”我的脑子里不停这样讲话。然后我度过了那一段时间以来最开心，最充满期待，最有希望的两个星期。渐渐地，两个星期过去，两个月过去了，父母再也没有提过这件事。我的心也灰了。话说到这里，我并不是在劝答主不要跟父母寻求帮助，我想说的是，我当时没有得到帮助对我而言有多么大的打击。我靠自己度过了那段时间，跳了一半的河没有跳下去，我以为就这样好了。可是没有，不会的，我没有得到帮助，那个问题根本没有解决，它只是太过痛苦，太过绝望，以至于藏了起来。可它不甘，所以在我人生的很多个时刻，它都会跳出来，提醒我，我是一个不配幸福的人。我经受不住任何一点打击，可是我以前是很好的一个人，像君子一样，现在我就感觉我只是阴沟里的一只臭老鼠。对不起题主，你或许会发现我讲的这些话也没有多少逻辑，因为我最近又回到了过去那段时间。所以你看，题主，我其实是想劝你最好要向父母寻求帮助的啊。天底下的父母也不一样，或许你一求助，他们就立刻帮助你了呢？你的问题或许就会最大限度的被解决，往后的日子里你能看到阳光，也能奢求幸福。可是如果你不提，你就有可能得不到帮助，你就会像我一样，不再去寻找任何帮助，不敢相信任何人。,0,0
小懒猪1982,医生帮你确定啊，我自己情绪上不明显，身体反复不舒服，各种查不出来原因，后来去看精神科，就是身体焦虑的表现，该治病就治病，没什么,0,0
匿名用户,我情况也和你一样，星期六打算去医院看一下，,0,0
在下洪世贤,我不知道我是否得了抑郁症 不过学校心里测试结果是轻中度 但我不想去医院 我觉得没有用呀,0,0
波澜壮阔的札记,我曾经确诊抑郁症，至今也不清楚现在自己是否已经完全康复，但我的工作及生活早已走出前几年那个疲惫不堪状态。现在回首过去，我在2010年-2012年这段时间，已经感觉工作力不从心，经常性失眠，身体疲惫不堪，工作压力很大。我认为，那个时候就已经有抑郁症迹象了。但那个时候没有这种自我意识，工作之余还兼顾MBA的学习。最终把自己累垮了。那个时候，我与一位要好的朋友及家人说过，想要休息一段时间，她们不理解我的想法。现在想来，假如当时自己坚决一些，辞职休息半年或一年，不勉强硬撑着，可能就会自我调节好。后来我主动选择工作环境，找到一个压力比较小到工作，并改善自己的行为习惯，早睡早起不熬夜，坚持每天锻炼身体，抑郁症的症状就逐渐改善了。今年又遇到一些事情，我自己就很注意，不让负面情绪过度冲击自己的内心。实际上，很多事情除了别人帮助，如何自我帮助更重要。该休息就休息，该求医问药就求医问药，该改变自己的行为习惯就改变自己的行为习惯，千万不要拖着。,0,0
匿名用户,大概就是医生给开这些药吧！前天去了医院，神经内科。见到医生就直接说近两三年比较抑郁，最近半年尤其严重，还有些焦虑失眠。医生就直接开了这两种药还有两种帮助睡眠的药（没拍照）  最后我问医生是不是很严重，他也没回答，就说叫我两周后去复查。说真的，直到现在我也不知道自己是不是真的抑郁症，我只是怀疑自己得了抑郁症。不过既然医生开了如上图的药，我觉得也八九不离十了吧！,0,0
吕宾,我老婆抑郁症2年，治疗中，算比较严重的了，相处中对抑郁也有一定经验，可以细看视频。陪我分享抑郁症的血泪史  上http://www.bilibili.com/video/av43689249/?share_source=copy_link&amp;p=1&amp;ts=1550719770&amp;share_medium=iphone&amp;bbid=Z4484A43FFB8BB39437A8166CD84CFB0B043陪我分享抑郁症的血泪史  下http://www.bilibili.com/video/av43767016/?share_source=copy_link&amp;p=1&amp;ts=1550719794&amp;share_medium=iphone&amp;bbid=Z4484A43FFB8BB39437A8166CD84CFB0B043,0,0
春来,一定要去医院！！！,0,0
匿名用户,去医院。我也是自己和闺蜜去的医院。,0,0
匿名用户,我是一名分裂情感性精神病（Schizoaffective disorders）患者，题主的症状跟我以前的症状很像。建议题主尽快去大医院就医。,0,0
草柔细,先自己做一个量表吧，这两个APP都有量表，而且和我在医院里做的都一样，都是免费的但是还是建议去看医生！去看医生！去看医生！,0,0
匿名用户,你真的需要去医院评测治疗，抑郁就像感冒一样，它会不知不觉侵蚀你的一切，不同的是，没有正确的治疗，自身无法进行自我排解。随着抑郁，身体会缺少一种自身无法供应的东西，然后抑郁加重，缺少，加重..。需要你去医院进行评测，用药品进行治疗。抑郁抑郁很可怕，却又没这么可怕。医院的医生们具备专业知识的情况下，比别的科室的医生更加温柔细腻，比普通人更懂得你的困境，但又非常尊重你的隐私，相信我，他们不会让你不安，希望你不要一人在自己的世界里独自强撑，去接受帮助吧,0,0
大风哥,基本确诊了，尽早去医院吧，治疗过程中，不管有没有感受到药物带来的影响，至少你有一个沟通这件事的途径了，也有一个能读懂你感受的医生。,0,0
失忆的金鱼,朋友，你这不完全是抑郁症的问题了，幻视幻听做一些无意识的事情是精神分裂症的症状了，其他那些是抑郁症的症状，请立刻马上去医院，只有精神医生和药物才能解决，靠你自己是不行的了。,0,0
匿名用户,我差点以为这个问题是我提的。我去看了心理医生，现在好多了。,0,0
shirr1213,去三甲医院，像精神分裂，速去治疗！！！,0,0
匿名用户,因为求生欲是生物的本能。只不过人类有了思想后就妄图对抗它。正常人是不会思考这些的吧。我也在想，我为什么要活着，为什么要学习，他们这样生活有什么意义，整个世界都是一场木偶剧对吧，各种法则支配了我们。……建议题主马上去医院，你只是病了，吃了药会好的，这些糟糕的想法糟糕的情绪糟糕的行为都会消失的。抱歉，可能有很多不对的地方。请快去医院看看吧.祝幸福安康。,0,0
Joseph7509,不一定是抑郁症，在你的描述里我最担心的是睡眠问题，睡眠不好会导致精神类疾病或者说相互作用。其他的我都可以看作15-22岁年龄段的烦恼，我也遇到过，希望你去医院看看，不管医生怎么说，别太有心理压力，很正常的，真的,0,0
八仔,不请自来，题主快去医院！！！！！别拖！！！,0,0
Major minus,请去看医生吧，亲爱的。别给自己太大心理压力，虽然世界上每个人都不一样，但是你有许多会支持的同伴，甚至是潜在的支持者。他们给你善意，帮你相信美好。人类只有互相支持才能活下去！还有就是，鸡汤不是忽悠人的嘿嘿，可以浸润一下哦！早日开心幸福♡,0,0
匿名用户,我也是你这状况，怀疑抑郁。治疗六个月后，医生告诉我，我是解离症。,0,1
moment,去医院吧。赶紧去吧这不是靠自己想当然的意志力能顶的过去的,0,0
冰浏,去医院吧宝贝幻听加上你这些症状就很危险了。生活是要慢慢品的，很多人生活到老都没意思，你还是青少年，调整好状态的话能有很多的可能。但你现在的情况有点……悬，建议去医院，三甲的最好。爱你哟~(●´З｀●),0,0
Yyue,您好。我很久以前觉得自己可能心理有些不健全，最近因为某件事情认真的思考自己是否有抑郁，后来网上做了专业的测试，电话心理咨询，确实有抑郁。刚开始在百度、知乎上查比较靠谱的医院、心理咨询机构，后面看了太多有好有坏不太敢去尝试。后来咨询了比我年长的同事，因他妻子也曾产后抑郁，想得知哪里的医生比较靠谱，后来他空出来了时间和我深聊了一次，受益匪浅。我想说什么呢，抑郁总是有一些原因：原生家庭、工作、感情等几方面。我不太清楚你到底发生了什么，我是因为家庭和感情。心灵深处缺失，荒芜，贫瘠，像你所说稚嫩的年龄却已像垂暮之龄。我时常也会思考我现在做的事情，现在拥有的一切、感情到最后有何意义。我甚至想过自杀如果不疼，我可能会去选择自杀。在我十几岁的时候也尝试过割腕自杀。露出手腕，用美工刀一刀一刀刻上去，刚开始下手重，但是到后面越来越轻，手腕却只磨破了皮。我没有勇气去结束自己的生命。我日子过的压抑、焦虑，没有意义。别人不能理解你，觉得在这个年龄阶段没有什么可以焦虑压抑。后来我试着去和跟我不熟悉的人聊天，其实他们会比亲近的人更加感同身受去理解你、感受你、同意你。我有时候觉得抑郁可能是因为，从来没有人能够真正的理解你，认同你，无法给予所需要的爱，所以会觉得孤独寂寥抑郁。爱我觉得分3段，亲情，爱情，自己。亲情、爱情的爱是外界给予，唯有自己给予自己爱，才能感知到外界的爱。自己的爱从何而来？自己的兴趣爱好，学习工作，身体护理等等。不知道自己喜欢什么没有关系，一个个去尝试，总会遇到喜欢的；学习工作并非一定要达到某个预期，其中的过程也是一种体验感受。没有兴致没有动力，没有关系，逼着自己去做一次，我觉得会不一样的。这世界上不只你一个人过的没那么好，不只你一个人有抑郁、焦虑、压抑，不只你一个人在思考人生的意义，生命的意义。人可能生而就是用一辈子几十年去探索自己生命的意义呢。加油啊！,0,0
撒撒888,去医院寻求专业的精神科医生帮助，遵医嘱吃药按时复查。,0,0
匿名用户,如果可以的话请去医院看看吧，医院也好心理咨询室也好请去看看吧高中时期我也曾有过一段时间的抑郁情绪，症状并不严重，但扎扎实实的让我难受了好一段时间，当时我也一度怀疑自己的三观，怀疑未来是否有所期待，质疑活着的意义和动力，感觉所有的美好都不再和我有关系，我哭着和我妈妈求助，然后努力的让自己开心试图拯救自己，我的确足够幸运，我也希望你和我一样幸运关于活着的意义，对每个人来说都不一样，但是不可否认的是生活之中的确有很多你难以想象的美好的事情在等待着你，总是要尝试一下才会知道等着你的究竟有多美好，希望你在坚持下来获得帮助之后找到属于你的美好，祝好,0,0
匿名用户,咱们这一辈的孩子可能多多少少都会有类似的经历，挺难过的。我虽然经历跟你八成相似但是抑郁程度还没有出现幻听幻视那么严重，也没有去看医生，自愈中，除了社交圈受了很大影响外，至少内心开始变得阳光了。主要的症状大概有：内心麻木，悲观绝望，嗜睡，恐惧社交，记忆力严重下降，有时候甚至想要说的话都不能完整的表达出来 等等。上个学期翘了半个月课一直待在房间里没有踏出半步，嗜睡，每天凌晨6点睡觉下午5点起床，一整天基本在床上度过，半夜饿了就点外卖，一天只吃一顿饭生活极其不规律，学业也耽误了很多。曾尝试着跟我所谓的朋友去沟通希望他们能了解我的状态关心我但是换来的是偏见和疏远。更不敢告诉父母，一是怕他们担心，二是从小生活在父母极强控制欲的我从内心深处惧怕他们更是拒绝敞开心扉。尝试过自杀，把药又退了回去。作为独生子不忍心看到唯一真心爱我的为我付出了自己大半辈子的两个人悲痛欲绝。更何况在这个世界上就算父母再陌生再疏离他们也会无条件站在孩子这一边。当孩子也有孩子的责任，所以请一定要活下去。每个人都有自己的活法不一定要有追求有目标有价值，不管是行尸走肉、积极上进、默默无闻都是在经历人生的这个过程，都是独一无二的活法，以自己喜欢的方式活着就好。,0,3
匿名用户,人这一生都在找寻活着的意义。而我找不到，茫茫然的这些年，太过虚无。我无法给你有效的建议，但我真心希望你能走出这困境。我走不动了，也不想走了，我将在不久的将来自我终结。也许活着很美好吧。祝你挣脱，少年。,0,16
匿名用户,症状很熟悉，所以去医院吧。不想被别人知道，那就自己去。用残余的理智支撑着自己，听医生的诊断，对自己好一点。,0,0
凉夏花白,希望你去医院。作为一个非专业者觉得你现在就算不是抑郁症也是抑郁状态吧。对外界感觉迟钝麻木啦这种...知乎不论说什么也只能作参考的，还是以三甲医院的诊断为准,0,0
匿名用户,之所以回答这个问题是因为很反对最高赞答案你自己胡思乱想你是不是有点抑郁或者焦虑 和医生明白了当的告诉你你就是得了抑郁症 完全是两个感受 那种被权威宣判死刑的窒息感让自己没有回旋的余地 你就会从”怎么办我好不开心 我到底该怎么才能开心起来”转变成”完了 我完了 我病了 我再也不会开心了”这种感觉太强烈了 强烈到我真的后悔为什么去看医生 以前还会想办法让自己开心 调节心情 呼吸 转变心态 试着能不能好一点 到后来的只能依靠药物才觉得有缓解 这种压抑的感觉我觉得比起没来医院之前的那种难受有过之而无不及所以如果你现在心情不好 觉得不开心 觉得沮丧 甚至你胡思乱想的觉得你就是得了抑郁或者什么心理疾病 我也就觉得不要趋之若鹜的天天往医院跑药物只能缓解或者通过激素外界调节你的精神状态 是实在没办法的办法 不是最优解所以你可能现在的生活压力很大 生活状况 生活水平都很难让你满意 或者说你正在水逆或者低谷 但是谁的人生是一帆风顺的 每天都能如意 所以不要自己怀疑自己自己否定自己 拿来难受的时间不如去放空一下想法 轻松一下神经 做点不累的 在不累的时候想想怎么样才能改善 然后试着解决现状当然这是你很轻度的时候 如果你真的觉得你痛苦到了几点 每天莫名哭泣 很压抑很憋气偶尔生理状况很不舒服 真的真的自己把控不了的时候再去 按照剂量吃药定期心理复查 多了没什么 抑郁症那些事大家都懂,3,1
兔子跑啊,要不试试了解下上座部佛教,0,0
匿名用户,据我所知，抑郁症脑部CT就可以鉴定确诊出来，所以去医院挂个号拍个片子的事儿。然后就是抑郁症和精神分裂有很像（比如被迫害妄想，比如幻听等）然后有一个区别就是抑郁症会主动配合治疗，而精神分裂拒绝承认自己有病，就算如此，也拒绝配合治疗。少年，你想配合治疗么？,0,0
匿名用户,我也经常想，人活着究竟是为了什么。可能是为了不断追求，在追求中不断希望，又在希望中失望，最后总有别的让我想去追求。反反复复，一直到我死去。,0,0
匿名用户,我觉得有抑郁症的人基本可以自己判断出自己有抑郁症的。如果你还在怀疑自己是否有抑郁症，那八成是没有抑郁症的...当然可能不是很准确，仅仅是我个人观点。,0,0
