nsym,心境,内心,心情,感受,心态,自觉,精神状态,,,,,,,,,,,
vdescription ,低落,低下,不济,欠佳,,每况愈下,不振,极差,很差,堪忧,,,,,,,,
nsym,情感,感情,内心,感性,人性,心灵,感受,内心深处,特质,理智,,,,,,,,
nsym,情绪,焦虑,情感,心理,意识,冲动,心态,恐惧,歇斯底里,精神状态,,,,,,,,
asym,抑郁,抑郁症,焦虑,忧郁症,忧郁,精神分裂症,精神病,癫痫,焦虑症,躁郁症,,,,,,,,
asym,悲观,乐观,沮丧,苦闷,平淡,软弱,冷漠,,,,,,,,,,,
isym,闷闷不乐,伤心,郁郁寡欢,,,,,,,,,,,,,,,
nsym,兴趣,浓厚兴趣,有兴趣,天份,爱好,热爱,天分,热情,好奇心,感兴趣,,,,,,,,
vdescription ,减退,消退,大不如前,,变差,急剧下降,,,,,,,,,,,,
isym,痛不欲生,弥留之际,愧疚,悲痛欲绝,,,,,,,,,,,,,,
asym,悲观,,沮丧,苦闷,平淡,软弱,冷漠,,,,,,,,,,,
vsym,绝望,恐惧,悲伤,悲惨,无助,迷茫,苦闷,孤独,悲哀,悔恨,,,,,,,,
vdescription  ,降低,减少,,减低,,减小,下降,,,减缓,,,,,,,,
vsym,自责,愧疚,内疚,难过,沮丧,后悔,悔恨,苦恼,懊悔,难堪,,,,,,,,
vsym,死去,病死,死,离世,死于,过世,病倒,亡故,身故,死掉,,,,,,,,
sym,罪恶,堕落,邪恶,丑恶,撒旦,恶行,恶人,,,,,,,,,,,
vsym,妄想,病态,自恋,无知,冲动,偏执,,,,,,,,,,,,
nsym,幻觉,梦境,错觉,潜意识,恐惧,无意识,噩梦,恍惚,,,,,,,,,,
nsym  ,希望,期望,想,愿意,想要,,,,期盼,渴望,,,,,,,,
nsym,思维,思考,理性,认知,观念,意识,本质,有意识,直觉,思路,,,,,,,,
vdescription ,迟缓,功能障碍,,,,,,,,,,,,,,,,
vdescription ,缓慢,较慢,很慢,,减慢,,平稳,,,比较慢,,,,,,,,
nsym,反应,化学反应,质子化,自由基,加成,反应会,催化,中间体,底物,重排,,,,,,,,
vdescription,迟钝,幼稚,笨拙,懒散,胆怯,,,,,,,,,,,,,
nsym,思路,想法,思维,设想,初衷,,,,,,,,,,,,,
vdescription,闭塞,道岔,,,,,,,,,,,,,,,,
nsym,脑子,,,,,,,,,,,,,,,,,
vsym  ,生锈,腐蚀,锈蚀,破损,,,,,,,,,,,,,,
nsym,言语,肢体,言词,说话,话语,冲动,自觉,言谈,,,,,,,,,,
vdescription,减少,,降低,减低,下降,减小,,,缩减,减缓,,,,,,,,
nsym,语速,音调,,,,,,,,,,,,,,,,
vdescription,减慢,减缓,加速,变慢,放缓,加快,放慢,延缓,较慢,很慢,,,,,,,,
nsym,声音,声响,歌声,笑声,人声,感觉,音调,刺耳,沙哑,,,,,,,,,
adescription,低沉,沙哑,高亢,柔和,慵懒,刺耳,急促,,,,,,,,,,,
vsym ,对答,,,,,,,,,,,,,,,,,
adescription,困难,艰难,麻烦,不便,吃力,十分困难,瓶颈,难于,紧迫,不方便,,,,,,,,
vsym,交流,文化交流,沟通,学术交流,交流活动,国际交流,互动,,,,,,,,,,,
adescription,顺利,成功,顺利完成,,,,,,,,,,,,,,,
nsym,意志,信念,理性,理智,本性,人格,精神,与生俱来,本质,自由,,,,,,,,
nsym,活动,娱乐活动,社会活动,大型活动,社交活动,,,,,,,,,,,,,
vdescription,减退,消退,大不如前,,变差,急剧下降,,,,,,,,,,,,
nsym ,行为,不道德,犯罪行为,暴力行为,举动,道德上,使用暴力,蓄意,行径,不当,,,,,,,,
nsym,生活,,,,,,,,,,,,,,,,,
vdescription,被动,,,,,,,,,,,,,,,,,
vsym,做事,行事,凡事,处事,待人,,,,,,,,,,,,,
vsym,接触,认识,,,,,,,,,,,,,,,,
vsym,交往,恋情,相识,相恋,认识,人的关系,见面,亲密关系,人关系,暧昧关系,,,,,,,,
vsym,独坐,,,,,,,,,,,,,,,,,
vsym,卧床,患病,病重,病情恶化,体弱多病,生病,卧病在床,身体虚弱,病倒,,,,,,,,,
vsym,闭门,称疾,,,,,,,,,,,,,,,,
vsym,独居,群居,,,,,,,,,,,,,,,,
vsym,疏远,亲近,疏离,敌视,猜忌,冷落,不和,猜疑,靠拢,,,,,,,,,
nsym,亲友,家人,亲人,亲朋好友,友人,亲戚,乡亲,亲朋,熟人,全家人,,,,,,,,
vsym,回避,规避,忽视,无视,避开,忽略,,,,,,,,,,,,
nsym,社交,交友,互动,聊天,人际,社群,即时通讯,,,,,,,,,,,
isym,不修边幅,,,,,,,,,,,,,,,,,
vsym,语,,,,,,,,,,,,,,,,,
vsym,动,,,,,,,,,,,,,,,,,
vsym,食,取食,饱,生食,进食,肉,煮,,,,,,,,,,,
nsym,观念,价值观,思想,道德观,思维,概念,社会制度,本质,认知,价值观念,,,,,,,,
vsym,缺乏,缺少,欠缺,不足,不够,忽视,依赖,依赖于,缺失,,,,,,,,,
nsym,自信心,自信,凝聚力,创造力,归属感,自尊,自豪感,热情,,,,,,,,,,
nsym ,自信,热情,勇气,自信心,坚强,真诚,毅力,自觉,热忱,固执,,,,,,,,
vsym,认知,理解,思维,心理,感知,知觉,观念,层面,本质,概念化,,,,,,,,
nsym ,功能,基本功能,机能,功用,特性,功能性,机制,系统,新功能,,,,,,,,,
vdescription,损害,伤害,危害,破坏,损伤,侵害,负面影响,妨碍,危及,受到影响,,,,,,,,
nsym,记忆力,专注力,智力,口才,天分,悟性,判断力,,,,,,,,,,,
vdescription,下降,,,下滑,,,减少,降低,急剧下降,,,,,,,,,
nsym,注意力,目光,精力,,,,,,,,,,,,,,,
adescription,障碍,阻碍,身心,,,,,,,,,,,,,,,
nsym,反应时间,反应速度,延时,等待时间,,,,,,,,,,,,,,
vdescription,延长,缩短,加长,缩减,延至,,,,,,,,,,,,,
nsym,警觉性,威胁性,危险性,警觉,工作效率,,,,,,,,,,,,,
vdescription,增高,升高,,上升,增大,增加,,抬高,,大幅提高,,,,,,,,
vdescription,差,劣,,,,,,,,,,,,,,,,
vsym,学习,自学,进修,求学,研读,研习,深造,修习,研修,努力学习,,,,,,,,
nsym,语言,语法,词汇,自然语言,母语,第二语言,语种,语言学,口语,句法,,,,,,,,
nsym,知觉,感官,心智,感知,无意识,认知,大脑,听觉,潜意识,人脑,,,,,,,,
nsym,眼,双眼,斑,眼睛,红斑,眼眶,,,,,,,,,,,,
nsym,手,左手,右手,双手,,,,,,,,,,,,,,
vdescription,协调,,,,,,,,,,,,,,,,,
nsym ,灵活性,机动性,优点,灵活,实用性,弹性,适应性,可用性,控制能力,,,,,,,,,
nsym ,睡眠,睡眠中,呼吸,清醒,REM,生理,知觉,排便,失眠,,,,,,,,,
adescription,过多,太多,不必要,太少,,,,,,,,,,,,,,
vsym,乏力,力弱,,,,,,,,,,,,,,,,
nsym,食欲,血糖,皮质醇,荷尔蒙,血清素,激素,新陈代谢,味觉,,,,,,,,,,
vdescription,节食,减肥,减重,肥胖,,,,,,,,,,,,,,
nsym,体重,身高,体型,肥胖,BMI,运动量,体形,身型,腰围,,,,,,,,,
vdescription,下降,,,下滑,,,减少,降低,急剧下降,,,,,,,,,
vsym,便秘,咳嗽,腹痛,痰,腹泻,消化不良,水肿,嗜睡,肠胃,,,,,,,,,
nsym,身体,躯体,全身,肌肉,四肢,眼睛,身躯,双腿,双脚,胸部,,,,,,,,
nsym,部位,躯干,胸部,口腔,指甲,臀部,口部,手部,各部位,肺脏,,,,,,,,
vdescription,疼痛,痉挛,肿胀,头痛,痛楚,呕吐,呼吸困难,咳嗽,瘙痒,眼部,,,,,,,,
nsym,性欲,欲望,性高潮,病态,性冲动,情欲,自慰,焦虑,性生活,妄想,,,,,,,,
vdescription,减退,消退,大不如前,,变差,急剧下降,,,,,,,,,,,,
vsym,阳痿,,,,,,,,,,,,,,,,,
nsym,恶心,呕吐,头痛,舒服,羞耻,焦虑,,,,,,,,,,,,
vsym,呕吐,腹泻,呼吸困难,腹痛,头痛,咳嗽,恶心,痉挛,抽搐,发烧,,,,,,,,
vsym,出汗,呕吐,心悸,便秘,咳嗽,排便,抽搐,,,,,,,,,,,
vsym,醒,睡,眠,,,,,,,,,,,,,,,
vsym,入睡,入眠,睡觉,熟睡,清醒,做爱,惊醒,睡觉时,睡着,,,,,,,,,
nsym,睡眠,睡眠中,呼吸,清醒,REM,生理,知觉,排便,失眠,,,,,,,,,
adescription,深,,深达,,,,,,,,,,,,,,,
vdescription ,减轻,减低,降低,加重,缓解,减缓,消除,过重,加大,大大降低,弱化,减慢,减弱,,,,,
vdescription ,增强,强化,,提升,提高,加强,,,,,,,,,,,,
vdescription ,增加,,,提高,增大,上升,,,,增高,,,,,,,,
vdescription ,缺乏,缺少,欠缺,不足,不够,忽视,依赖,依赖于,缺失,,,,,,,,,
nsym,乐趣,体验,趣味,满足感,想像力,尽情,趣味性,愉悦,,,,,,,,,,
vdescription ,丧失,失去,剥夺,夺去,,,,,,,,,,,,,,
nsym,精力,心力,心思,注意力,心血,,,,,,,,,,,,,
vdescription ,不足,严重不足,欠缺,缺乏,太少,偏低,不足以,太低,过剩,极低,,,,,,,,
nsym,疲劳,疲惫,疲累,疲乏,劳累,疲倦,呼吸困难,,,,,,,,,,,
nsym,疲倦,疲惫,疲累,疲乏,虚弱,舒服,疲劳,,,,,,,,,,,
vsym,自卑,自卑感,冷漠,自觉,自大,嫌弃,妒忌,执著,自恋,,,,,,,,,
adescription,迟缓,功能障碍,,,,,,,,,,,,,,,,
vdescription ,集中,集中于,分散,密集,大部分,,,,,,,,,,,,,
vdescription ,下降,下降,,下滑,,,减少,降低,急剧下降,,,,,,,,,
adescription  ,迟钝,幼稚,笨拙,懒散,胆怯,,,,,,,,,,,,,
nsym,效率,效能,工作效率,成本,稳定性,可靠性,生产成本,灵活性,经济性,高效率,,,,,,,,
adescription ,低下,低落,较差,极差,很低,很差,不足,极低,,,,,,,,,,
vsym,工作,管理工作,,,,,,,,,,,,,,,,
nsym ,性功能,自闭症,,,,,,,,,,,,,,,,
vdescription,改变,转变,发生变化,变动,扭转,偏离,相反,彻底改变,,,,,,,,,,
vsym,哭泣,流泪,哭,看着,想起,,要死,忍不住,不禁,可怜,大哭,痛哭,,泣,流泪,,,哭诉
vsym,发脾气,不耐烦,,,,,,,,,,,,,,,,
vdescription,丧失,失去,剥夺,夺去,,,,,,,,,,,,,,
nsym,浑身,脸上,满身,全身,发抖,身子,双眼,额头,睡觉时,,,,,,,,,
nsym,焦虑,情绪,恐惧,心理,抑郁,冲动,焦躁,精神上,忧郁,病态,,,,,,,,
adescription,紊乱,失调,功能障碍,失常,缺失,,,,,,,,,,,,,
nsym ,食欲,血糖,皮质醇,荷尔蒙,血清素,激素,新陈代谢,味觉,,,,,,,,,,
nsym ,精力,心力,心思,注意力,心血,,,,,,,,,,,,,
adescription,不适,呼吸困难,,,,,,,,,,,,,,,,
nsym,胃口,,,,,,,,,,,,,,,,,
nsym,麻木,,,,,,,,,,,,,,,,,
nsym,疲乏,疲惫,疲累,虚弱,饥渴,疲倦,困乏,疲劳,疲惫不堪,憔悴,,,,,,,,
adescription,无力,不得不,不了,不得已,急于,无暇,勉强,,,,,,,,,,,
adescription,舒服,,,,,,,,,,,,,,,,,
nsym,动力,动力系统,动力装置,涡轮,内燃机,驱动,涡轮引擎,推进力,的动力,驱动力,,,,,,,,
adescription,浅,深,较浅,较深,,,,,,,,,,,,,,
nsym,梦,,,,,,,,,,,,,,,,,
vsym,醒来,醒来时,醒过来,苏醒,发现自己,奄奄一息,昏倒,惊醒,睡着,躺在,,,,,,,,
asym,愤怒,气愤,愤慨,恼怒,生气,恐惧,不安,惊恐,痛恨,不快,,,,,,,,
nsym,内疚,愧疚,难过,沮丧,伤心,羞愧,后悔,自责,懊悔,痛心,,,,,,,,
nsym,无用,,,,,,,,,,,,,,,,,
nsym,安全感,同情心,渴望,,,,,,,,,,,,,,,
nsym,消极,软弱,过激,姑息,过分,,,,,,,,,,,,,
adescription,邋遢,古怪,,,,,,,,,,,,,,,,
nsym,厌恶,反感,憎恨,鄙视,痛恨,嫉妒,轻视,憎恶,蔑视,惧怕,,,,,,,,
vsym,自杀,自杀身亡,自尽,上吊自杀,服毒,被害,轻生,上吊,自杀未遂,行凶,,,,,,,,
vsym,自杀未遂,自杀身亡,自杀,精神失常,,,,,,,,,,,,,,
nsym,自杀未遂,自杀身亡,自杀,精神失常,,,,,,,,,,,,,,
nsym,念头,决心,想,决意,下定决心,心灰意冷,,,,,,,,,,,,
isym,情绪高涨,,,,,,,,,,,,,,,,,
isym,情绪低落,沮丧,,,,,,,,,,,,,,,,
adescription,高,,较高,,极高,很高,更高,,,颇高,,,,,,,,
adescription,兴奋,激动,惊讶,不快,沮丧,愉悦,吃惊,舒服,高兴,好奇,,,,,,,,
vsym,冲动,理智,本能,焦虑,自觉,冷漠,神经质,盲目,偏执,精神状态,,,,,,,,
vsym,夸大,高估,低估,歪曲,贬低,夸张,自相矛盾,编造,妖魔化,忽视,,,,,,,,
adescription,低,较低,,,,极低,很低,,,较差,,,,,,,,
adescription,快乐,幸福,美好,欢乐,开心,无忧无虑,愉快,孤独,甜蜜,寂寞,,,,,,,,
nsym,意念,想法,隐喻,,,,,,,,,,,,,,,
vsym,运动,文学运动,青年运动,,,,,,,,,,,,,,,
adescription,抑制,诱导,抑制作用,消除,减缓,,,抑止,可抑制,,,,,,,,,
asym,忧愁,忧伤,悲伤,哀伤,伤感,心里,悲哀,,,,,,,,,,,
asym,伤感,忧伤,悲伤,感伤,哀伤,心碎,悲凉,悲哀,孤寂,多愁善感,,,,,,,,
adescription,笨,,,,,,,,,,,,,,,,,
adescription,少,较少,不及,,寡,更少,,,,,,,,,,,,
vdescription,自理,,,,,,,,,,,,,,,,,
nsym,心情,心境,感觉,内心,心里,心态,感受,焦躁,感伤,当下,,,,,,,,
adescription,压抑,压迫,排斥,冷漠,抗拒,精神上,偏执,冲动,忽视,自觉,,,,,,,,
isym,悲痛欲绝,伤心欲绝,伤心,哀伤,离去,痛不欲生,,,,,,,,,,,,
adescription,低,较低,,,,极低,很低,,,较差,,,,,,,,
asym,苦恼,困惑,愧疚,沮丧,内疚,烦恼,苦闷,疑惑,,为难,,,,,,,,
asym,忧伤,悲伤,伤感,哀伤,忧愁,感伤,悲哀,忧郁,哀愁,心碎,,,,,,,,
asym,痛苦,伤痛,悲伤,苦难,折磨,苦痛,恐惧,苦恼,病痛,绝望,,,,,,,,
nsym,意思,意即,意为,意指,解作,之意,含意,字面,原意,语意,,,,,,,,
vsym,联想,误解,联想起,,,,,,,,,,,,,,,
nsym,过程,步骤,流程,处理过程,,,,,,,,,,,,,,
nsym,主动性,,,,,,,,,,,,,,,,,
adescription,费力,,,,,,,,,,,,,,,,,
adescription,慢,,较慢,比较慢,,,更慢,慢速,很慢,,,,,,,,,
vsym,活着,死掉,说道,活下去,活,就让,一句话,,,,,,,,,,,
nsym,打算,想,有意,只好,执意,想要,决意,急于,当初,正要,,,,,,,,
vsym,参加,参与,出席,参予,举行,举办,加入,,,,,,,,,,,
adescription,外界,不少人,,,,,,,,,,,,,,,,
vsym,独处,睡觉,睡,住在一起,,,,,,,,,,,,,,
adescription,懒散,讨厌,暴躁,胆小,懒惰,固执,懦弱,无聊,散漫,无所事事,,,,,,,,
vsym,语,语族,尔语,语里,泰语,口语,通用语,词源,亚语,书面语言,,,,,,,,
nsym,企图,意图,试图,妄图,借机,趁机,乘机,图谋,设法,以图,,,,,,,,
vsym,心悸,气喘,出汗,呕吐,胸痛,咳嗽,腹痛,,,,,,,,,,,
nsym,胃肠,肠胃,消化道,呼吸道,,,,,,,,,,,,,,
vdescription,减轻,减低,降低,加重,缓解,减缓,消除,过重,加大,大大降低,,,,,,,,
nsym,人格解体,,,,,,,,,,,,,,,,,
nsym,强迫症,精神疾病,精神分裂症,,病态,精神病,成瘾,病症,躁郁症,心理疾病,,,,,,,,
adescription,恐怖,可怕,疯狂,惊悚,残酷,骇人听闻,杀戮,噩梦,,,,,,,,,,
nsym,症状,病症,病征,征状,患者,副作用,疼痛,腹泻,呕吐,病因,,,,,,,,
vsym,头晕,晕眩,呼吸困难,头痛,呕吐,痉挛,胸痛,眩晕,食欲不振,黄疸,,,,,,,,
vsym,头痛,呕吐,呼吸困难,痉挛,咳嗽,腹痛,头晕,恶心,头疼,发烧,,,,,,,,
vsym,无力,不得不,不了,不得已,急于,无暇,勉强,,,,,,,,,,,
vsym,失眠,嗜睡,忧郁症,眩晕,呕吐,癫痫,头痛,胃痛,,,,,,,,,,
nsym,心情,心境,感觉,内心,心里,心态,感受,,,,,,,,,,,
adescription,紧张,紧绷,恶化,尴尬,缓和,冷淡,不安,关系紧张,紧迫,不稳,,,,,,,,
adescription,烦恼,苦恼,,,疑惑,无常,,,,,,,,,,,,
nsym,肌肉,四肢,身体,关节,神经,下肢,脊柱,躯干,手部,肌肉组织,,,,,,,,
adescription,痛,疼,心痛,恨,痒,,,,,,,,,,,,,
nsym,生理功能,生理,激素,,,,,,,,,,,,,,,
adescription,主动,,有意,,,,,,,,,,,,,,,
vsym,头疼,困惑,头痛,厌烦,,,,,,,,,,,,,,
nsym,四肢,颈部,躯干,前肢,后肢,尾巴,脚掌,头部,腿部,背部,,,,,,,,
adescription,麻木,,,,,,,,,,,,,,,,,
adescription,高兴,,,,十分高兴,感到高兴,感激,欣慰,欣喜,,,,,,,,,
isym,郁郁寡欢,孤僻,失意,丧母,相依为命,闷闷不乐,,,,,,,,,,,,
nsym,热忱,热诚,热情,使命感,抱负,自信,勇气,真诚,,,,,,,,,,
nsym,爱好,嗜好,热爱,酷爱,喜好,喜欢,热衷,热衷于,爱好者,醉心,,,,,,,,
isym,不屑一顾,,,,,,,,,,,,,,,,,
nsym,感情,情感,内心,友情,情意,爱恋,亲情,情谊,内心深处,亲密关系,,,,,,,,
adescription,高兴,,吃惊,,十分高兴,感到高兴,感激,欣慰,欣喜,,,,,,,,,
isym,力不从心,,,,,,,,,,,,,,,,,
nsym,精神,信念,人格,意识,尊严,精神上,思维,自觉,良知,,,,,,,,,
vdescription,崩溃,瓦解,崩解,分崩离析,土崩瓦解,衰弱,消亡,覆灭,崩坏,停滞,,,,,,,,
vsym,泄气,,,,,,,,,,,,,,,,,
isym,一无是处,,,,,,,,,,,,,,,,,
nsym,前途,前景,,,,,,,,,,,,,,,,
adescription,黑暗,邪恶,守护者,恶魔,沉睡,深渊,暗影,黑夜,堕落,黑影,,,,,,,,
asym,不安,忧虑,恐惧,忧心,不快,担忧,愤恨,不悦,惊恐,厌恶,,,,,,,,
nsym,内心,情感,内心深处,感情,心里,心中,执著,心境,自觉,思绪,,,,,,,,
nsym,负担,开销,经济负担,负荷,财政负担,支出,分担,承担,,,,,,,,,,
vsym,波动,震荡,涨落,衰减,振荡,不确定性,,,,,,,,,,,,
isym,食欲不振,头晕,呕吐,腹泻,,,,,,,,,,,,,,
adescription,差,劣,,,,,,,,,,,,,,,,
vdescription,减低,降低,减少,减轻,,大大降低,减缓,尽量减少,,大大减少,,,,,,,,
nsym,性感,女性化,可爱,时尚,火辣,魅力,帅气,妖艳,面孔,,,,,,,,,
vdescription,缺失,缺陷,有缺陷,纠正,缺少,紊乱,,,,,,,,,,,,
adescription,悲哀,悲伤,苦闷,忧伤,哀伤,伤感,凄凉,孤独,孤寂,诉说,,,,,,,,
nsym,低潮,低谷,谷底,,,,,,,,,,,,,,,
adescription,烦躁,焦躁,焦虑,心烦,不安,头痛,,,,,,,,,,,,
vsym,消瘦,虚弱,憔悴,,,,,,,,,,,,,,,
nsym,恐惧,不安,焦虑,愤怒,厌恶,绝望,害怕,畏惧,惧怕,憎恨,,,,,,,,
asym,胆小,讨厌,凶猛,懦弱,懒散,暴躁,胆怯,害羞,,,,,,,,,,
vdescription,扭曲,变形,歪曲,错觉,错位,,,,,,,,,,,,,
nsym,快感,愉悦感,欲望,乐趣,,,,,,,,,,,,,,
adescription,迟滞,,,,,,,,,,,,,,,,,
vsym,睡觉,睡,,睡觉时,,睡着,,,,,,,,,,,,
vsym,跳楼,坠楼,跳楼自杀,坠下,,,自杀,上吊,,,,,,,,,,
vsym,拿刀,砍,,,,,,,,,,,,,,,,
vdescription,消沉,沮丧,失意,懊悔,虚弱,疲惫,不得志,,,,,,,,,,,
vsym,厌世,,,,,,,,,,,,,,,,,
nsym,自觉,心态,冲动,执著,心里,当下,自认,,,,,,,,,,,
vsym,思考,思维,思索,理解,反思,探究,理性,认知,探讨,直觉,,,,,,,,
nsym,能力,战斗能力,技能,灵活性,能力也,能够,控制能力,潜能,并能,意志力,,,,,,,,
vsym,贪食,,,,,,,,,,,,,,,,,
nsym,欲望,性欲,诱惑,渴望,人性,本能,情欲,冲动,贪欲,精神上,,,,,,,,
vdescription,肥胖,紊乱,功能障碍,亢进,生理,疾患,痉挛,嗜睡,,,,,,,,,,
nsym,饮食,饮食习惯,素食,烹饪,菜肴,饮茶,,,,,,,,,,,,
adescription,过量,,中毒,,过多,,,,,,,,,,,,,
nsym,心理,认知,焦虑,人格,人际关系,精神上,潜意识,无意识,病态,精神状态,,,,,,,,
adescription,不安,忧虑,恐惧,忧心,不快,担忧,愤恨,不悦,惊恐,厌恶,,,,,,,,
vsym,说话,说出,交谈,言语,讲出,讲,说谎,好像,话语,咒骂,,,,,,,,
isym,犹豫不决,犹豫,迟疑,按兵不动,,,,,,,,,,,,,,
asym,沉默,绝望,,,,,,,,,,,,,,,,
asym,恍惚,幻觉,,,,,,,,,,,,,,,,
nsym,活力,魅力,朝气,生命力,创造力,动感,生机,气息,充满活力,,,,,,,,,
nsym,麻烦,困难,大麻烦,棘手,尴尬,,,,,,,,,,,,,
nsym,动作,姿势,,,特技,,肢体,手势,,,,,,,,,,
asym,悲伤,哀伤,忧伤,悲痛,伤心,悲哀,思念,伤感,难过,忧郁,,,,,,,,
isym,毫无价值,,,,,,,,,,,,,,,,,
asym,条理,严谨,有条理,明晰,,,,,,,,,,,,,,
vsym,进食,喂食,吃,食用,食物,摄食,喝水,排便,喂养,吞食,,,,,,,,
asym,欲望,性欲,诱惑,渴望,人性,本能,情欲,冲动,贪欲,精神上,,,,,,,,
isym,营养不良,疾病,肥胖,患病,腹泻,肥胖症,动脉硬化,,,,,,,,,,,
asym,懒惰,懒散,愚蠢,自私,无聊,自以为是,无知,,,,,,,,,,,
nsym,全身,身体,身躯,上半身,脸部,四肢,浑身,胸部,手脚,下半身,,,,,,,,
nsym,周身,,,,,,,,,,,,,,,,,
nsym,肠道,消化道,小肠,消化系统,肠胃,十二指肠,肾脏,胃,排泄,大肠,,,,,,,,
nsym,胸前,头上,腰间,额头,脖子,双手,肩上,胸口,头顶,后背,,,,,,,,
nsym,神经,神经系统,大脑,脊髓,神经元,脑,脑部,神经细胞,中枢神经系统,骨骼肌,,,,,,,,
vsym,自残,自杀,,,,,,,,,,,,,,,,
nsym,规律,规律性,有规律,法则,自然现象,,,,,,,,,,,,,
nsym,质量,总质量,密度,低质量,,,,,,,,,,,,,,
vsym,害怕,惧怕,畏惧,担心,怕,痛恨,怨恨,厌恶,憎恨,,,,,,,,,
nsym,熟人,朋友,亲戚,亲友,邻居,亲朋好友,老朋友,陌生人,,,,,,,,,,
vsym,服从,遵从,顺从,遵守,服从命令,屈服,违抗,无视,容忍,,,,,,,,,
nsym,管教,教养,体罚,教导,打骂,训斥,,,,,,,,,,,,
vsym,逃学,,,,,,,,,,,,,,,,,
nsym,表达能力,表现力,,,,,,,,,,,,,,,,
nsym,成绩,名次,好成绩,战绩,佳绩,总分,优异成绩,总成绩,学业成绩,学习成绩,,,,,,,,
isym,离家出走,离家,私奔,,,,,,,,,,,,,,,
vsym,嗜睡,失眠,呕吐,便秘,眩晕,腹泻,消化不良,头晕,,,,,,,,,,
asym,激动,兴奋,,,,,,,,,,,,,,,,
asym,急躁,自负,蛮横,鲁莽,轻浮,,,,,,,,,,,,,
vsym,呼吸,排便,吞咽,换气,排尿,肺部,气管,新陈代谢,痉挛,颤动,,,,,,,,
adescription,乱,内乱,乱事,变乱,祸,大乱,作乱,兵乱,久之,暴,,,,,,,,
vsym,控制,掌控,操控,支配,压制,操纵,管控,依靠,,,,,,,,,,
vsym,呼吸,排便,吞咽,换气,排尿,肺部,气管,新陈代谢,痉挛,,,,,,,,,
vsym,感到,深感,觉得,令人,倍感,,,,,,,,,,,,,
adescription,孤独,寂寞,孤寂,孤单,忧郁,悲哀,迷茫,,心碎,可怜,,,,,,,,
vdescription,衰退,衰落,萎缩,衰败,没落,停滞,衰弱,,走下坡,衰微,,,,,,,,
asym,开心,快乐,惊喜,,,,,,,,,,,,,,,
asym,恐惧,不安,焦虑,愤怒,厌恶,绝望,害怕,畏惧,惧怕,憎恨,,,,,,,,
nsym,记忆,梦境,心灵,潜意识,无意识,失忆,清醒,知觉,,,,,,,,,,
vsym,耳鸣,呼吸困难,痉挛,病症,口干,失眠,,,,,,,,,,,,
vsym,坚持,坚决,坚定,无视,坚定不移,执意,坚信,尽力,,,,,,,,,,
vsym,锻炼,磨练,练习,锻炼身体,锻练,体能训练,跑步,强健,,,,,,,,,,
vdescription,匮乏,短缺,紧缺,贫乏,稀缺,严重不足,缺少,过剩,依赖,,,,,,,,,
vsym,遇事,做事,进退,凡事,,,,,,,,,,,,,,
vsym,退缩,,,,,,,,,,,,,,,,,
nsym,社交活动,娱乐活动,户外活动,社会活动,,,,,,,,,,,,,,
vsym,封闭,堵塞,,,,,,,,,,,,,,,,
nsym,语音,音韵,音位,话音,音调,口语,词汇,字词,句法,,,,,,,,,
vsym,应答,,,,,,,,,,,,,,,,,
adescription,迟钝,幼稚,笨拙,懒散,胆怯,,,,,,,,,,,,,
nsym,危险性,伤害性,威胁性,危险,危害性,敏感性,可能性,致命性,刺激性,破坏性,,,,,,,,
vsym,行动,军事行动,秘密行动,,,,,,,,,,,,,,,
vsym,缄默,,,,,,,,,,,,,,,,,
vsym,不语,,,,,,,,,,,,,,,,,
nsym,面容,容貌,相貌,面孔,模样,外表,外貌,脸孔,样貌,样子,,,,,,,,
adescription,憔悴,疲惫,疲乏,,,,,,,,,,,,,,,
nsym,目光,注意力,眼光,,,,,,,,,,,,,,,
nsym,体质,体格,,,,,,,,,,,,,,,,
asym,空虚,疲惫,松懈,,,,,,,,,,,,,,,
nsym,劲,,,,,,,,,,,,,,,,,
nsym,价值,商业价值,重要性,效用,效益,意义,经济效益,,,,,,,,,,,
nsym,罪恶感,内疚,精神上,苦痛,恐惧感,,,,,,,,,,,,,
adescription,持久,长久,,,,,,,,,,,,,,,,
isym,不能自拔,,,,,,,,,,,,,,,,,
asym,苦闷,悲哀,向往,苦恼,迷茫,失意,忧伤,孤独,感伤,伤感,,,,,,,,
vsym,决断,,,,,,,,,,,,,,,,,
vsym,悔恨,懊悔,内疚,愧疚,绝望,悲伤,难过,后悔,忧伤,悲哀,,,,,,,,
vsym,失去,丧失,挽回,夺去,保住,耗尽,失掉,一落千丈,得不到,,,,,,,,,
nsym,自信,热情,勇气,自信心,坚强,真诚,毅力,自觉,热忱,固执,,,,,,,,
asym,多疑,懦弱,性情,凶暴,狡诈,阴险,暴虐,反复无常,狂妄,叛逆,,,,,,,,
nsym,脾气,暴躁,性格,个性,神经质,易怒,天性,倔强,固执,好胜,,,,,,,,
vsym,变坏,变差,,,,,,,,,,,,,,,,
asym,易怒,神经质,暴躁,,,,,,,,,,,,,,,
vsym,厌食,,,,,,,,,,,,,,,,,
vsym,腹胀,便秘,,,,,,,,,,,,,,,,
vsym,腹泻,呕吐,腹痛,咳嗽,发烧,病症,过敏,高血压,消化不良,头痛,,,,,,,,
vsym,胃痛,失眠,咳嗽,,,,,,,,,,,,,,,
vsym,腰痛,,,,,,,,,,,,,,,,,
nsym,胃部,胃,食道,肺部,十二指肠,腹腔,消化道,肾脏,消化系统,肠胃,,,,,,,,
adescription,欠佳,,每况愈下,很差,变差,较差,极差,不好,不济,更差,,,,,,,,
vsym,大增,大幅提高,与日俱增,,激增,渐增,日增,剧增,颇高,有所增加,,,,,,,,
adescription,沉重,沈重,,吃力,,,,,,,,,,,,,,
nsym,肢体,言语,手部,身体,脸部,手脚,四肢,面部,下肢,,,,,,,,,
nsym,评价,高度评价,称赞,赞誉,评论,赞扬,评分,赞赏,评论者,口碑,,,,,,,,
adescription,敏感,,,,,,,,,,,,,,,,,
nsym,人际,人际关系,同侪,社会关系,社交,,,,,,,,,,,,,
nsym,需求,市场需求,需求量,需要,效益,消费,所需,生产力,供给,,,,,,,,,
adescription,郁闷,沮丧,难过,厌烦,苦恼,无聊,不快,,,,,,,,,,,
vsym,沮丧,失望,厌烦,难过,内疚,愧疚,困惑,不快,懊恼,郁闷,,,,,,,,
nsym,热情,热忱,热诚,自信,激情,渴望,勇气,热爱,真诚,渴求,,,,,,,,
nsym,信心,期望,自信,努力,决心,希望,诚意,热诚,期待,热忱,,,,,,,,
nsym,轻生,自杀,跳楼自杀,,,,,,,,,,,,,,,
nsym,躯体,身体,身躯,肉体,四肢,全身,下半身,躯干,双眼,,,,,,,,,
nsym,月经,排卵,,,,,,,,,,,,,,,,
nsym,矛盾,对立,分歧,冲突,嫌隙,纷争,争执,内部矛盾,猜疑,不和,,,,,,,,
vsym,过敏,过敏反应,过敏原,中毒,发炎,腹泻,感冒,细菌感染,全身性,皮肤病,,,,,,,,
vsym,水肿,发炎,炎症,出血,病变,黄疸,黏膜,肿胀,溃疡,增生,,,,,,,,
nsym,乳房,阴茎,乳头,阴道,生殖器,阴蒂,性器官,睾丸,阴囊,生殖器官,,,,,,,,
vdescription,肿胀,出血,疼痛,发炎,红肿,肿大,溃疡,水肿,咳嗽,腹痛,,,,,,,,
nsym,孕期,妊娠期,妊娠,怀孕期,胎儿,哺乳期,排卵,怀胎,婴幼儿,早产,,,,,,,,
adescription,未遂,行刺,主谋,,,,,,,,,,,,,,,
nsym,精神病,精神分裂症,精神疾病,,精神失常,精神障碍,忧郁症,病症,躁郁症,精神病学,,,,,,,,
vdescription,增多,激增,剧增,增加,有所增加,增高,增大,渐增,升高,快速增长,,,,,,,,
vsym,挥霍,挥霍无度,奢侈,享乐,积蓄,,,,,,,,,,,,,
nsym,约束力,法律效力,拘束力,排他性,发言权,独立性,强制力,,,,,,,,,,,
vdescription,飘忽,,,,,,,,,,,,,,,,,
adescription,出格,,,,,,,,,,,,,,,,,
adescription,暴躁,脾气,好斗,倔强,易怒,懒散,古怪,神经质,蛮横,懦弱,,,,,,,,
vsym,暴食,,,,,,,,,,,,,,,,,
vsym,静坐,绝食,集会,清场,绝食抗议,集会游行,,,,,,,,,,,,
vsym,外出,出外,出门,在家,请假,返家,外地,平时,过夜,,,,,,,,,
vsym,听,听得,问,,大声,听完,不行,说什么,却说,,,,,,,,,
vsym,对抗,对付,抵抗,反抗,敌对,抗衡,结盟,压制,牵制,威慑,,,,,,,,
nsym,父母,双亲,母亲,父母亲,家人,孩子,子女,祖父母,祖母,继父,,,,,,,,
nsym,暴力,暴力行为,使用暴力,恐怖主义,极端主义,恐怖,种族主义,私刑,犯罪行为,过激,,,,,,,,
vsym,发热,痉挛,高热,咳嗽,呼吸困难,发光,,,,,,,,,,,,
vsym,心跳,跳动,,,,,,,,,,,,,,,,
vdescription,加快,,加速,较快,,,更快,,推进,进一步提高,,,,,,,,
nsym,血压,血糖,体温,高血压,心率,眼压,心血管,皮质醇,肝功能,腹水,,,,,,,,
vdescription,升高,增高,,上升,增大,,升温,,,上升时,,,,,,,,
vsym,失禁,呕吐,抽搐,咳嗽,,,,,,,,,,,,,,
nsym,阴毛,生殖器,乳晕,性器官,阴茎,乳房,乳头,生殖器官,外阴,阴囊,,,,,,,,
vdescription,脱落,开裂,破损,断裂,剥落,折断,松脱,裂开,碎裂,穿孔,,,,,,,,
nsym,腋毛,,,,,,,,,,,,,,,,,
vsym,脱发,皮肤炎,皮肤病,,,,,,,,,,,,,,,
nsym,阴道,阴茎,乳头,乳房,尿道,阴囊,生殖器,性器官,阴部,外阴,,,,,,,,
nsym,分泌物,黏液,尿液,皮肤上,唾液,粪便,粘液,异味,口腔,渗出,,,,,,,,
asym,肥胖,体重增加,糖尿病,肥胖症,厌食症,高血压,心血管疾病,老年人,,,,,,,,,,
nsym,关节,肌肉,肌腱,脊椎,四肢,脊柱,足部,膝关节,手部,腿部,,,,,,,,
nsym,骨质,角质,软组织,软骨,颈部,骨,骨板,脊柱,表皮,结节,,,,,,,,
adescription,疏松,质地,较厚,松软,较硬,粒状,块状,,,,,,,,,,,
asym,心烦,烦躁,,,,,,,,,,,,,,,,
vsym,担心,担忧,害怕,忧虑,惧怕,责怪,顾虑,怕,恐怕,激怒,,,,,,,,
vsym,失控,无法控制,冲出,失灵,失去平衡,,,,,,,,,,,,,
isym,优柔寡断,软弱,懦弱,无能,固执,胆怯,自负,,,,,,,,,,,
nsym,无助,绝望,冷漠,可怜,,,,,,,,,,,,,,
nsym,无望,决意,,,,,,,,,,,,,,,,
vsym,否定,驳斥,反驳,断言,论证,解释,论点,论断,陈述,所谓,,,,,,,,
vsym,拖累,,,,,,,,,,,,,,,,,
vsym,死亡,丧生,失踪,丧命,致死,幸存者,生还,遇害,死亡者,,,,,,,,,
vsym,上吊,上吊自杀,自杀,坠楼,跳楼,,,,,,,,,,,,,
vsym,烧炭,,,,,,,,,,,,,,,,,
vsym,吃药,,,,,,,,,,,,,,,,,
vsym,认为,指出,看来,相信,普遍认为,,视为,忽视,显然,确信,,,,,,,,
vsym,患病,生病,得病,病重,染病,患,卧床,病危,年老,体弱,,,,,,,,
adescription,亢进,失调,功能障碍,嗜睡,,,,,,,,,,,,,,
nsym,脖子,头上,胳膊,额头,手臂,肩膀,腿,鼻子,手脚,下巴,,,,,,,,
vsym,口干,耳鸣,呕吐,,,,,,,,,,,,,,,
adescription,模糊,模糊不清,清晰,含糊,,,,,,,,,,,,,,
nsym,喉头,喉咙,鼻腔,嘴唇,舌头,食道,口腔,喉部,,,,,,,,,,
vdescription,灼烧,,,,,,,,,,,,,,,,,
isym,消化不良,便秘,腹泻,腹痛,利尿,泻药,嗜睡,,,,,,,,,,,
vdescription,援引,引述,指出,引用,驳斥,反驳,声称,称,辩称,申明,,,,,,,,
vsym,被害,遇害,杀害,无辜,受害,自杀身亡,活埋,服毒自杀,误杀,行凶,,,,,,,,
nsym,疾病,病症,传染病,性疾病,病因,癌症,营养不良,哮喘,疟疾,结核病,,,,,,,,
vsym,谴责,指责,抨击,反对,控诉,批评,责难,斥责,严厉批评,诋毁,,,,,,,,
vsym,幻听,,,,,,,,,,,,,,,,,
nsym,头,两头,脚,尾,,,背,背脊,,,,,,,,,,
nsym,眼睛,双眼,瞳孔,耳朵,鼻子,嘴唇,额头,眼球,嘴巴,胸部,,,,,,,,
nsym,手臂,双脚,肩膀,手指,双手,右手,双腿,小腿,腿部,右臂,,,,,,,,
nsym,大腿,膝盖,肩膀,小腿,脚踝,腿部,手肘,臀部,腰部,肩部,,,,,,,,
nsym,小腿,大腿,腿部,手臂,脚踝,肩膀,右脚,臀部,脚部,膝部,,,,,,,,
nsym,脚,头,脚上,腿,踩,足,后脚,右脚,双脚,,,,,,,,,
nsym,胸部,头部,腹部,颈部,臀部,腰部,背部,脸部,面部,腿部,,,,,,,,
nsym,背部,腹部,头部,颈部,胸部,肩部,尾部,臀部,下颚,腿部,,,,,,,,
vsym,踌躇,犹豫,,,,,,,,,,,,,,,,
isym,精力充沛,聪明,天性,,,,,,,,,,,,,,,
adescription,自信,热情,勇气,自信心,坚强,真诚,毅力,自觉,热忱,固执,,,,,,,,
isym,兴高采烈,欣喜若狂,,,,,,,,,,,,,,,,
vdescription,提高,提升,,增加,大大提高,大幅提高,进一步提高,,,更高,,,,,,,,
vsym,争吵,争执,吵架,发生争执,口角,争斗,大打出手,不和,一夜情,纠缠,,,,,,,,
vsym,争执,争吵,纠纷,纷争,冲突,不和,发生争执,意见分歧,发生冲突,关系恶化,,,,,,,,
vsym,轻率,草率,鲁莽,愚蠢,软弱,狂妄,,,,,,,,,,,,
vsym,负责任,尊重,诚实,承担责任,,,,,,,,,,,,,,
asym,愚蠢,可笑,荒谬,荒唐,肤浅,卑鄙,幼稚,轻蔑,简直,愚笨,,,,,,,,
asym,鲁莽,蛮横,愚蠢,懦弱,凶狠,卑鄙,自负,固执,自以为是,胆怯,,,,,,,,
nsym,思想,观念,哲学思想,学说,思维,意识形态,马克思主义,观点,思想体系,理想主义,,,,,,,,
vsym,喜爱,青睐,欢迎,追捧,钟爱,喜欢,欣赏,爱好,热爱,偏爱,,,,,,,,
vsym,心烦,烦躁,,,,,,,,,,,,,,,,
asym,焦躁,烦躁,焦虑,冷漠,迷茫,,,,,,,,,,,,,
vsym,增加,增加,,提高,增大,上升,,,,增高,,,,,,,,
